[{"fields": {"model": "logentry", "app_label": "admin"}, "model": "contenttypes.contenttype", "pk": 1}, {"fields": {"model": "permission", "app_label": "auth"}, "model": "contenttypes.contenttype", "pk": 2}, {"fields": {"model": "group", "app_label": "auth"}, "model": "contenttypes.contenttype", "pk": 3}, {"fields": {"model": "contenttype", "app_label": "contenttypes"}, "model": "contenttypes.contenttype", "pk": 4}, {"fields": {"model": "session", "app_label": "sessions"}, "model": "contenttypes.contenttype", "pk": 5}, {"fields": {"model": "corsmodel", "app_label": "corsheaders"}, "model": "contenttypes.contenttype", "pk": 6}, {"fields": {"model": "project", "app_label": "bay"}, "model": "contenttypes.contenttype", "pk": 7}, {"fields": {"model": "bay", "app_label": "bay"}, "model": "contenttypes.contenttype", "pk": 8}, {"fields": {"model": "tool", "app_label": "bay"}, "model": "contenttypes.contenttype", "pk": 9}, {"fields": {"model": "toolproject", "app_label": "bay"}, "model": "contenttypes.contenttype", "pk": 10}, {"fields": {"model": "toolimage", "app_label": "bay"}, "model": "contenttypes.contenttype", "pk": 11}, {"fields": {"model": "group", "app_label": "users"}, "model": "contenttypes.contenttype", "pk": 12}, {"fields": {"model": "bayuser", "app_label": "users"}, "model": "contenttypes.contenttype", "pk": 13}, {"fields": {"model": "logging", "app_label": "bay"}, "model": "contenttypes.contenttype", "pk": 14}, {"fields": {"expire_date": "2017-02-14T11:39:22.600Z", "session_data": "YjEyNTE4YmFhMTE5MzczNGU1Yjk5YThkYjY5M2QwNWVmNTdjNGUyODp7Il9hdXRoX3VzZXJfaGFzaCI6IjQ2ZTgxOWE3ZmVlNjQ5NzgzMjI0YzVhYTJjNGE5OTJkNTQwMjNhNjQiLCJfYXV0aF91c2VyX2JhY2tlbmQiOiJ1c2Vycy5iYWNrZW5kcy5FbWFpbEF1dGhCYWNrZW5kIiwiX2F1dGhfdXNlcl9pZCI6IjIifQ=="}, "model": "sessions.session", "pk": "0gj9mh6e3qo1ehejo89j7bzu76c3nyqr"}, {"fields": {"expire_date": "2017-02-24T08:17:10.568Z", "session_data": "YjEyNTE4YmFhMTE5MzczNGU1Yjk5YThkYjY5M2QwNWVmNTdjNGUyODp7Il9hdXRoX3VzZXJfaGFzaCI6IjQ2ZTgxOWE3ZmVlNjQ5NzgzMjI0YzVhYTJjNGE5OTJkNTQwMjNhNjQiLCJfYXV0aF91c2VyX2JhY2tlbmQiOiJ1c2Vycy5iYWNrZW5kcy5FbWFpbEF1dGhCYWNrZW5kIiwiX2F1dGhfdXNlcl9pZCI6IjIifQ=="}, "model": "sessions.session", "pk": "0rx2zas03nvel8tvstik676l17accc9h"}, {"fields": {"expire_date": "2017-03-17T05:45:04.691Z", "session_data": "YjEyNTE4YmFhMTE5MzczNGU1Yjk5YThkYjY5M2QwNWVmNTdjNGUyODp7Il9hdXRoX3VzZXJfaGFzaCI6IjQ2ZTgxOWE3ZmVlNjQ5NzgzMjI0YzVhYTJjNGE5OTJkNTQwMjNhNjQiLCJfYXV0aF91c2VyX2JhY2tlbmQiOiJ1c2Vycy5iYWNrZW5kcy5FbWFpbEF1dGhCYWNrZW5kIiwiX2F1dGhfdXNlcl9pZCI6IjIifQ=="}, "model": "sessions.session", "pk": "2tdg433z1fbyoe0ih5ti5uwehhfo33i2"}, {"fields": {"expire_date": "2017-02-13T12:32:31.715Z", "session_data": "YjEyNTE4YmFhMTE5MzczNGU1Yjk5YThkYjY5M2QwNWVmNTdjNGUyODp7Il9hdXRoX3VzZXJfaGFzaCI6IjQ2ZTgxOWE3ZmVlNjQ5NzgzMjI0YzVhYTJjNGE5OTJkNTQwMjNhNjQiLCJfYXV0aF91c2VyX2JhY2tlbmQiOiJ1c2Vycy5iYWNrZW5kcy5FbWFpbEF1dGhCYWNrZW5kIiwiX2F1dGhfdXNlcl9pZCI6IjIifQ=="}, "model": "sessions.session", "pk": "4v3ladpe48ostmdahc5tlbmvws90mcks"}, {"fields": {"expire_date": "2017-03-13T10:04:15.422Z", "session_data": "YjEyNTE4YmFhMTE5MzczNGU1Yjk5YThkYjY5M2QwNWVmNTdjNGUyODp7Il9hdXRoX3VzZXJfaGFzaCI6IjQ2ZTgxOWE3ZmVlNjQ5NzgzMjI0YzVhYTJjNGE5OTJkNTQwMjNhNjQiLCJfYXV0aF91c2VyX2JhY2tlbmQiOiJ1c2Vycy5iYWNrZW5kcy5FbWFpbEF1dGhCYWNrZW5kIiwiX2F1dGhfdXNlcl9pZCI6IjIifQ=="}, "model": "sessions.session", "pk": "5nd21w8cal0ifxs9th2nhkpcdphpc2i9"}, {"fields": {"expire_date": "2017-03-01T05:57:22.442Z", "session_data": "YjEyNTE4YmFhMTE5MzczNGU1Yjk5YThkYjY5M2QwNWVmNTdjNGUyODp7Il9hdXRoX3VzZXJfaGFzaCI6IjQ2ZTgxOWE3ZmVlNjQ5NzgzMjI0YzVhYTJjNGE5OTJkNTQwMjNhNjQiLCJfYXV0aF91c2VyX2JhY2tlbmQiOiJ1c2Vycy5iYWNrZW5kcy5FbWFpbEF1dGhCYWNrZW5kIiwiX2F1dGhfdXNlcl9pZCI6IjIifQ=="}, "model": "sessions.session", "pk": "6jlhq7zdeulik08gpjubjf7yoq77brip"}, {"fields": {"expire_date": "2017-02-17T08:02:55.047Z", "session_data": "YjEyNTE4YmFhMTE5MzczNGU1Yjk5YThkYjY5M2QwNWVmNTdjNGUyODp7Il9hdXRoX3VzZXJfaGFzaCI6IjQ2ZTgxOWE3ZmVlNjQ5NzgzMjI0YzVhYTJjNGE5OTJkNTQwMjNhNjQiLCJfYXV0aF91c2VyX2JhY2tlbmQiOiJ1c2Vycy5iYWNrZW5kcy5FbWFpbEF1dGhCYWNrZW5kIiwiX2F1dGhfdXNlcl9pZCI6IjIifQ=="}, "model": "sessions.session", "pk": "6poofzhi9m1ys0mvj2ravekn71ea5rjv"}, {"fields": {"expire_date": "2017-02-21T06:51:56.360Z", "session_data": "YjEyNTE4YmFhMTE5MzczNGU1Yjk5YThkYjY5M2QwNWVmNTdjNGUyODp7Il9hdXRoX3VzZXJfaGFzaCI6IjQ2ZTgxOWE3ZmVlNjQ5NzgzMjI0YzVhYTJjNGE5OTJkNTQwMjNhNjQiLCJfYXV0aF91c2VyX2JhY2tlbmQiOiJ1c2Vycy5iYWNrZW5kcy5FbWFpbEF1dGhCYWNrZW5kIiwiX2F1dGhfdXNlcl9pZCI6IjIifQ=="}, "model": "sessions.session", "pk": "7jddrimybfwcc9qksk4x0vcct5q7w9a5"}, {"fields": {"expire_date": "2017-03-21T08:04:23.367Z", "session_data": "YjEyNTE4YmFhMTE5MzczNGU1Yjk5YThkYjY5M2QwNWVmNTdjNGUyODp7Il9hdXRoX3VzZXJfaGFzaCI6IjQ2ZTgxOWE3ZmVlNjQ5NzgzMjI0YzVhYTJjNGE5OTJkNTQwMjNhNjQiLCJfYXV0aF91c2VyX2JhY2tlbmQiOiJ1c2Vycy5iYWNrZW5kcy5FbWFpbEF1dGhCYWNrZW5kIiwiX2F1dGhfdXNlcl9pZCI6IjIifQ=="}, "model": "sessions.session", "pk": "bq3imlhmz12nsm4oq399o3qa95znvun6"}, {"fields": {"expire_date": "2017-02-13T16:31:10.676Z", "session_data": "YjEyNTE4YmFhMTE5MzczNGU1Yjk5YThkYjY5M2QwNWVmNTdjNGUyODp7Il9hdXRoX3VzZXJfaGFzaCI6IjQ2ZTgxOWE3ZmVlNjQ5NzgzMjI0YzVhYTJjNGE5OTJkNTQwMjNhNjQiLCJfYXV0aF91c2VyX2JhY2tlbmQiOiJ1c2Vycy5iYWNrZW5kcy5FbWFpbEF1dGhCYWNrZW5kIiwiX2F1dGhfdXNlcl9pZCI6IjIifQ=="}, "model": "sessions.session", "pk": "fomibgfba9655efzaq16eow4n687pjqu"}, {"fields": {"expire_date": "2017-02-14T12:40:52.672Z", "session_data": "YjEyNTE4YmFhMTE5MzczNGU1Yjk5YThkYjY5M2QwNWVmNTdjNGUyODp7Il9hdXRoX3VzZXJfaGFzaCI6IjQ2ZTgxOWE3ZmVlNjQ5NzgzMjI0YzVhYTJjNGE5OTJkNTQwMjNhNjQiLCJfYXV0aF91c2VyX2JhY2tlbmQiOiJ1c2Vycy5iYWNrZW5kcy5FbWFpbEF1dGhCYWNrZW5kIiwiX2F1dGhfdXNlcl9pZCI6IjIifQ=="}, "model": "sessions.session", "pk": "iys2j6ayj82r8jbfr59yadnt53lqv02j"}, {"fields": {"expire_date": "2017-03-17T10:06:42.635Z", "session_data": "YjEyNTE4YmFhMTE5MzczNGU1Yjk5YThkYjY5M2QwNWVmNTdjNGUyODp7Il9hdXRoX3VzZXJfaGFzaCI6IjQ2ZTgxOWE3ZmVlNjQ5NzgzMjI0YzVhYTJjNGE5OTJkNTQwMjNhNjQiLCJfYXV0aF91c2VyX2JhY2tlbmQiOiJ1c2Vycy5iYWNrZW5kcy5FbWFpbEF1dGhCYWNrZW5kIiwiX2F1dGhfdXNlcl9pZCI6IjIifQ=="}, "model": "sessions.session", "pk": "lhh20iqfyve7ufts7g9yhwbpp5ekg93l"}, {"fields": {"expire_date": "2017-02-13T09:23:38.264Z", "session_data": "YjEyNTE4YmFhMTE5MzczNGU1Yjk5YThkYjY5M2QwNWVmNTdjNGUyODp7Il9hdXRoX3VzZXJfaGFzaCI6IjQ2ZTgxOWE3ZmVlNjQ5NzgzMjI0YzVhYTJjNGE5OTJkNTQwMjNhNjQiLCJfYXV0aF91c2VyX2JhY2tlbmQiOiJ1c2Vycy5iYWNrZW5kcy5FbWFpbEF1dGhCYWNrZW5kIiwiX2F1dGhfdXNlcl9pZCI6IjIifQ=="}, "model": "sessions.session", "pk": "lowydrnc0j2y6fw0u69izk675iutyg8a"}, {"fields": {"expire_date": "2017-02-21T08:39:23.994Z", "session_data": "YjEyNTE4YmFhMTE5MzczNGU1Yjk5YThkYjY5M2QwNWVmNTdjNGUyODp7Il9hdXRoX3VzZXJfaGFzaCI6IjQ2ZTgxOWE3ZmVlNjQ5NzgzMjI0YzVhYTJjNGE5OTJkNTQwMjNhNjQiLCJfYXV0aF91c2VyX2JhY2tlbmQiOiJ1c2Vycy5iYWNrZW5kcy5FbWFpbEF1dGhCYWNrZW5kIiwiX2F1dGhfdXNlcl9pZCI6IjIifQ=="}, "model": "sessions.session", "pk": "sj6gb40bqia9cfgvzrcrgxhhl559nwdt"}, {"fields": {"expire_date": "2017-02-14T11:42:26.786Z", "session_data": "YjEyNTE4YmFhMTE5MzczNGU1Yjk5YThkYjY5M2QwNWVmNTdjNGUyODp7Il9hdXRoX3VzZXJfaGFzaCI6IjQ2ZTgxOWE3ZmVlNjQ5NzgzMjI0YzVhYTJjNGE5OTJkNTQwMjNhNjQiLCJfYXV0aF91c2VyX2JhY2tlbmQiOiJ1c2Vycy5iYWNrZW5kcy5FbWFpbEF1dGhCYWNrZW5kIiwiX2F1dGhfdXNlcl9pZCI6IjIifQ=="}, "model": "sessions.session", "pk": "ulgk5felpvqyutytlrchhtlzewo7dwsm"}, {"fields": {"expire_date": "2017-02-14T11:37:10.633Z", "session_data": "YjEyNTE4YmFhMTE5MzczNGU1Yjk5YThkYjY5M2QwNWVmNTdjNGUyODp7Il9hdXRoX3VzZXJfaGFzaCI6IjQ2ZTgxOWE3ZmVlNjQ5NzgzMjI0YzVhYTJjNGE5OTJkNTQwMjNhNjQiLCJfYXV0aF91c2VyX2JhY2tlbmQiOiJ1c2Vycy5iYWNrZW5kcy5FbWFpbEF1dGhCYWNrZW5kIiwiX2F1dGhfdXNlcl9pZCI6IjIifQ=="}, "model": "sessions.session", "pk": "vdnmu48a18rpz7yw2c2woenjwq1gyczo"}, {"fields": {"expire_date": "2017-02-14T11:51:26.875Z", "session_data": "YjEyNTE4YmFhMTE5MzczNGU1Yjk5YThkYjY5M2QwNWVmNTdjNGUyODp7Il9hdXRoX3VzZXJfaGFzaCI6IjQ2ZTgxOWE3ZmVlNjQ5NzgzMjI0YzVhYTJjNGE5OTJkNTQwMjNhNjQiLCJfYXV0aF91c2VyX2JhY2tlbmQiOiJ1c2Vycy5iYWNrZW5kcy5FbWFpbEF1dGhCYWNrZW5kIiwiX2F1dGhfdXNlcl9pZCI6IjIifQ=="}, "model": "sessions.session", "pk": "vur3515x7ryt9mwj4obdkdbko3qruwxk"}, {"fields": {"expire_date": "2017-03-01T06:35:15.433Z", "session_data": "YjEyNTE4YmFhMTE5MzczNGU1Yjk5YThkYjY5M2QwNWVmNTdjNGUyODp7Il9hdXRoX3VzZXJfaGFzaCI6IjQ2ZTgxOWE3ZmVlNjQ5NzgzMjI0YzVhYTJjNGE5OTJkNTQwMjNhNjQiLCJfYXV0aF91c2VyX2JhY2tlbmQiOiJ1c2Vycy5iYWNrZW5kcy5FbWFpbEF1dGhCYWNrZW5kIiwiX2F1dGhfdXNlcl9pZCI6IjIifQ=="}, "model": "sessions.session", "pk": "wkoo73ccuy9tezvaez2a2ca2ykknit0p"}, {"fields": {"expire_date": "2017-02-14T10:43:13.330Z", "session_data": "YjEyNTE4YmFhMTE5MzczNGU1Yjk5YThkYjY5M2QwNWVmNTdjNGUyODp7Il9hdXRoX3VzZXJfaGFzaCI6IjQ2ZTgxOWE3ZmVlNjQ5NzgzMjI0YzVhYTJjNGE5OTJkNTQwMjNhNjQiLCJfYXV0aF91c2VyX2JhY2tlbmQiOiJ1c2Vycy5iYWNrZW5kcy5FbWFpbEF1dGhCYWNrZW5kIiwiX2F1dGhfdXNlcl9pZCI6IjIifQ=="}, "model": "sessions.session", "pk": "zjemj79bn8grch23w2muxatmaup9v9bd"}, {"fields": {"name": "Console 1", "is_active": true, "created_on": "2017-02-07T09:08:25.626Z", "location": "bay27", "updated_on": "2017-03-08T10:34:42.465Z", "mac_id": "b8:27:eb:9b:d8:bc"}, "model": "bay.bay", "pk": 241}, {"fields": {"name": "Console 3", "is_active": true, "created_on": "2017-02-07T09:50:25.180Z", "location": "bay33", "updated_on": "2017-03-08T11:02:22.221Z", "mac_id": "b8:27:eb:a1:bd:75"}, "model": "bay.bay", "pk": 242}, {"fields": {"name": "Console 5", "is_active": true, "created_on": "2017-02-07T09:58:40.443Z", "location": "bay10", "updated_on": "2017-03-07T13:03:27.416Z", "mac_id": "b8:27:eb:0f:0f:76"}, "model": "bay.bay", "pk": 243}, {"fields": {"name": "Console 7", "is_active": true, "created_on": "2017-02-07T10:02:09.569Z", "location": "bay21", "updated_on": "2017-03-07T13:04:47.747Z", "mac_id": "b8:27:eb:09:b0:9a"}, "model": "bay.bay", "pk": 244}, {"fields": {"name": "Console 4", "is_active": true, "created_on": "2017-02-07T10:14:37.652Z", "location": "bay3", "updated_on": "2017-03-08T09:28:03.705Z", "mac_id": "b8:27:eb:38:f9:a4"}, "model": "bay.bay", "pk": 245}, {"fields": {"name": "Console 6", "is_active": true, "created_on": "2017-02-08T15:10:10.221Z", "location": null, "updated_on": "2017-03-08T11:30:54.507Z", "mac_id": "b8:27:eb:9c:62:ee"}, "model": "bay.bay", "pk": 255}, {"fields": {"name": "Console 2", "is_active": true, "created_on": "2017-02-08T17:08:53.699Z", "location": null, "updated_on": "2017-03-08T11:01:37.048Z", "mac_id": "b8:27:eb:68:90:1f"}, "model": "bay.bay", "pk": 256}, {"fields": {"project": 32, "updated_on": "2017-02-08T09:19:33.897Z", "created_on": "2017-02-08T09:19:33.897Z", "is_enabled": true, "tool": 16}, "model": "bay.toolproject", "pk": 42}, {"fields": {"project": 33, "updated_on": "2017-02-08T09:19:33.900Z", "created_on": "2017-02-08T09:19:33.900Z", "is_enabled": true, "tool": 16}, "model": "bay.toolproject", "pk": 43}, {"fields": {"project": 34, "updated_on": "2017-02-08T09:20:11.595Z", "created_on": "2017-02-08T09:20:11.595Z", "is_enabled": true, "tool": 14}, "model": "bay.toolproject", "pk": 45}, {"fields": {"project": 35, "updated_on": "2017-02-08T09:20:11.598Z", "created_on": "2017-02-08T09:20:11.598Z", "is_enabled": true, "tool": 14}, "model": "bay.toolproject", "pk": 46}, {"fields": {"project": 36, "updated_on": "2017-02-08T10:47:14.091Z", "created_on": "2017-02-08T10:47:14.091Z", "is_enabled": true, "tool": 27}, "model": "bay.toolproject", "pk": 50}, {"fields": {"project": 40, "updated_on": "2017-02-08T13:54:13.718Z", "created_on": "2017-02-08T13:54:13.718Z", "is_enabled": true, "tool": 7}, "model": "bay.toolproject", "pk": 51}, {"fields": {"project": 39, "updated_on": "2017-02-08T13:54:13.721Z", "created_on": "2017-02-08T13:54:13.721Z", "is_enabled": true, "tool": 7}, "model": "bay.toolproject", "pk": 52}, {"fields": {"project": 37, "updated_on": "2017-02-08T13:54:32.450Z", "created_on": "2017-02-08T13:54:32.450Z", "is_enabled": true, "tool": 15}, "model": "bay.toolproject", "pk": 53}, {"fields": {"project": 38, "updated_on": "2017-02-08T13:54:32.453Z", "created_on": "2017-02-08T13:54:32.453Z", "is_enabled": true, "tool": 15}, "model": "bay.toolproject", "pk": 54}, {"fields": {"project": 45, "updated_on": "2017-02-08T14:30:51.402Z", "created_on": "2017-02-08T14:30:51.402Z", "is_enabled": true, "tool": 30}, "model": "bay.toolproject", "pk": 55}, {"fields": {"project": 44, "updated_on": "2017-02-08T14:30:51.405Z", "created_on": "2017-02-08T14:30:51.405Z", "is_enabled": true, "tool": 30}, "model": "bay.toolproject", "pk": 56}, {"fields": {"project": 43, "updated_on": "2017-02-08T14:30:51.408Z", "created_on": "2017-02-08T14:30:51.408Z", "is_enabled": true, "tool": 30}, "model": "bay.toolproject", "pk": 57}, {"fields": {"project": 42, "updated_on": "2017-02-08T14:30:51.411Z", "created_on": "2017-02-08T14:30:51.411Z", "is_enabled": true, "tool": 30}, "model": "bay.toolproject", "pk": 58}, {"fields": {"project": 41, "updated_on": "2017-02-08T14:30:51.414Z", "created_on": "2017-02-08T14:30:51.414Z", "is_enabled": true, "tool": 30}, "model": "bay.toolproject", "pk": 59}, {"fields": {"project": 52, "updated_on": "2017-02-08T15:48:54.342Z", "created_on": "2017-02-08T15:48:54.342Z", "is_enabled": true, "tool": 46}, "model": "bay.toolproject", "pk": 86}, {"fields": {"project": 51, "updated_on": "2017-02-08T15:48:54.344Z", "created_on": "2017-02-08T15:48:54.344Z", "is_enabled": true, "tool": 46}, "model": "bay.toolproject", "pk": 87}, {"fields": {"project": 50, "updated_on": "2017-02-08T15:48:54.347Z", "created_on": "2017-02-08T15:48:54.347Z", "is_enabled": true, "tool": 46}, "model": "bay.toolproject", "pk": 88}, {"fields": {"project": 49, "updated_on": "2017-02-08T15:48:54.349Z", "created_on": "2017-02-08T15:48:54.349Z", "is_enabled": true, "tool": 46}, "model": "bay.toolproject", "pk": 89}, {"fields": {"project": 54, "updated_on": "2017-02-08T15:54:08.166Z", "created_on": "2017-02-08T15:54:08.166Z", "is_enabled": true, "tool": 45}, "model": "bay.toolproject", "pk": 90}, {"fields": {"project": 53, "updated_on": "2017-02-08T15:54:08.169Z", "created_on": "2017-02-08T15:54:08.169Z", "is_enabled": true, "tool": 45}, "model": "bay.toolproject", "pk": 91}, {"fields": {"project": 57, "updated_on": "2017-02-08T15:55:23.688Z", "created_on": "2017-02-08T15:55:23.688Z", "is_enabled": true, "tool": 44}, "model": "bay.toolproject", "pk": 92}, {"fields": {"project": 56, "updated_on": "2017-02-08T15:55:23.691Z", "created_on": "2017-02-08T15:55:23.691Z", "is_enabled": true, "tool": 44}, "model": "bay.toolproject", "pk": 93}, {"fields": {"project": 55, "updated_on": "2017-02-08T15:55:23.693Z", "created_on": "2017-02-08T15:55:23.693Z", "is_enabled": true, "tool": 44}, "model": "bay.toolproject", "pk": 94}, {"fields": {"project": 28, "updated_on": "2017-02-08T15:57:09.626Z", "created_on": "2017-02-08T15:57:09.626Z", "is_enabled": true, "tool": 43}, "model": "bay.toolproject", "pk": 100}, {"fields": {"project": 29, "updated_on": "2017-02-08T15:57:09.629Z", "created_on": "2017-02-08T15:57:09.629Z", "is_enabled": true, "tool": 43}, "model": "bay.toolproject", "pk": 101}, {"fields": {"project": 30, "updated_on": "2017-02-08T15:57:09.632Z", "created_on": "2017-02-08T15:57:09.632Z", "is_enabled": true, "tool": 43}, "model": "bay.toolproject", "pk": 102}, {"fields": {"project": 46, "updated_on": "2017-02-08T16:11:29.485Z", "created_on": "2017-02-08T16:11:29.485Z", "is_enabled": true, "tool": 49}, "model": "bay.toolproject", "pk": 103}, {"fields": {"project": 10, "updated_on": "2017-02-08T16:12:25.416Z", "created_on": "2017-02-08T16:12:25.416Z", "is_enabled": true, "tool": 48}, "model": "bay.toolproject", "pk": 105}, {"fields": {"project": 7, "updated_on": "2017-02-08T16:12:25.418Z", "created_on": "2017-02-08T16:12:25.418Z", "is_enabled": true, "tool": 48}, "model": "bay.toolproject", "pk": 106}, {"fields": {"project": 16, "updated_on": "2017-02-08T16:34:12.628Z", "created_on": "2017-02-08T16:34:12.628Z", "is_enabled": true, "tool": 52}, "model": "bay.toolproject", "pk": 111}, {"fields": {"project": 17, "updated_on": "2017-02-08T16:34:12.631Z", "created_on": "2017-02-08T16:34:12.631Z", "is_enabled": true, "tool": 52}, "model": "bay.toolproject", "pk": 112}, {"fields": {"project": 18, "updated_on": "2017-02-08T16:34:12.633Z", "created_on": "2017-02-08T16:34:12.633Z", "is_enabled": true, "tool": 52}, "model": "bay.toolproject", "pk": 113}, {"fields": {"project": 15, "updated_on": "2017-02-08T16:46:35.023Z", "created_on": "2017-02-08T16:46:35.023Z", "is_enabled": true, "tool": 58}, "model": "bay.toolproject", "pk": 116}, {"fields": {"project": 47, "updated_on": "2017-02-08T16:46:35.026Z", "created_on": "2017-02-08T16:46:35.026Z", "is_enabled": true, "tool": 58}, "model": "bay.toolproject", "pk": 117}, {"fields": {"project": 13, "updated_on": "2017-02-08T16:49:00.195Z", "created_on": "2017-02-08T16:49:00.195Z", "is_enabled": true, "tool": 54}, "model": "bay.toolproject", "pk": 118}, {"fields": {"project": 48, "updated_on": "2017-02-08T16:49:00.197Z", "created_on": "2017-02-08T16:49:00.197Z", "is_enabled": true, "tool": 54}, "model": "bay.toolproject", "pk": 119}, {"fields": {"project": 11, "updated_on": "2017-02-08T16:49:58.288Z", "created_on": "2017-02-08T16:49:58.288Z", "is_enabled": true, "tool": 53}, "model": "bay.toolproject", "pk": 121}, {"fields": {"project": 61, "updated_on": "2017-02-08T17:19:23.451Z", "created_on": "2017-02-08T17:19:23.451Z", "is_enabled": true, "tool": 59}, "model": "bay.toolproject", "pk": 122}, {"fields": {"project": 60, "updated_on": "2017-02-08T17:19:23.453Z", "created_on": "2017-02-08T17:19:23.453Z", "is_enabled": true, "tool": 59}, "model": "bay.toolproject", "pk": 123}, {"fields": {"project": 59, "updated_on": "2017-02-08T17:19:23.456Z", "created_on": "2017-02-08T17:19:23.456Z", "is_enabled": true, "tool": 59}, "model": "bay.toolproject", "pk": 124}, {"fields": {"project": 58, "updated_on": "2017-02-08T17:19:23.458Z", "created_on": "2017-02-08T17:19:23.458Z", "is_enabled": true, "tool": 59}, "model": "bay.toolproject", "pk": 125}, {"fields": {"project": 63, "updated_on": "2017-02-08T17:27:50.876Z", "created_on": "2017-02-08T17:27:50.876Z", "is_enabled": true, "tool": 60}, "model": "bay.toolproject", "pk": 126}, {"fields": {"project": 62, "updated_on": "2017-02-08T17:27:50.879Z", "created_on": "2017-02-08T17:27:50.879Z", "is_enabled": true, "tool": 60}, "model": "bay.toolproject", "pk": 127}, {"fields": {"project": 65, "updated_on": "2017-02-08T17:35:19.395Z", "created_on": "2017-02-08T17:35:19.395Z", "is_enabled": true, "tool": 61}, "model": "bay.toolproject", "pk": 162}, {"fields": {"project": 24, "updated_on": "2017-02-08T17:35:19.398Z", "created_on": "2017-02-08T17:35:19.398Z", "is_enabled": true, "tool": 61}, "model": "bay.toolproject", "pk": 163}, {"fields": {"project": 23, "updated_on": "2017-02-08T17:35:19.400Z", "created_on": "2017-02-08T17:35:19.400Z", "is_enabled": true, "tool": 61}, "model": "bay.toolproject", "pk": 164}, {"fields": {"project": 22, "updated_on": "2017-02-08T17:35:19.402Z", "created_on": "2017-02-08T17:35:19.402Z", "is_enabled": true, "tool": 61}, "model": "bay.toolproject", "pk": 165}, {"fields": {"project": 21, "updated_on": "2017-02-08T17:35:19.405Z", "created_on": "2017-02-08T17:35:19.404Z", "is_enabled": true, "tool": 61}, "model": "bay.toolproject", "pk": 166}, {"fields": {"project": 64, "updated_on": "2017-02-08T17:35:19.407Z", "created_on": "2017-02-08T17:35:19.407Z", "is_enabled": true, "tool": 61}, "model": "bay.toolproject", "pk": 167}, {"fields": {"project": 19, "updated_on": "2017-02-09T06:22:26.246Z", "created_on": "2017-02-09T06:22:26.246Z", "is_enabled": true, "tool": 28}, "model": "bay.toolproject", "pk": 174}, {"fields": {"project": 66, "updated_on": "2017-02-09T09:20:43.860Z", "created_on": "2017-02-09T09:20:43.860Z", "is_enabled": true, "tool": 50}, "model": "bay.toolproject", "pk": 179}, {"fields": {"project": 8, "updated_on": "2017-02-09T09:20:43.863Z", "created_on": "2017-02-09T09:20:43.863Z", "is_enabled": true, "tool": 50}, "model": "bay.toolproject", "pk": 180}, {"fields": {"project": 69, "updated_on": "2017-02-10T11:21:48.094Z", "created_on": "2017-02-10T11:21:48.094Z", "is_enabled": true, "tool": 66}, "model": "bay.toolproject", "pk": 194}, {"fields": {"project": 68, "updated_on": "2017-02-10T11:21:48.097Z", "created_on": "2017-02-10T11:21:48.097Z", "is_enabled": true, "tool": 66}, "model": "bay.toolproject", "pk": 195}, {"fields": {"project": 4, "updated_on": "2017-02-10T11:21:48.099Z", "created_on": "2017-02-10T11:21:48.099Z", "is_enabled": true, "tool": 66}, "model": "bay.toolproject", "pk": 196}, {"fields": {"project": 5, "updated_on": "2017-02-10T11:21:48.101Z", "created_on": "2017-02-10T11:21:48.101Z", "is_enabled": true, "tool": 66}, "model": "bay.toolproject", "pk": 197}, {"fields": {"project": 71, "updated_on": "2017-02-10T11:25:15.290Z", "created_on": "2017-02-10T11:25:15.290Z", "is_enabled": true, "tool": 65}, "model": "bay.toolproject", "pk": 198}, {"fields": {"project": 70, "updated_on": "2017-02-10T11:25:15.294Z", "created_on": "2017-02-10T11:25:15.294Z", "is_enabled": true, "tool": 65}, "model": "bay.toolproject", "pk": 199}, {"fields": {"project": 31, "updated_on": "2017-02-10T11:26:19.839Z", "created_on": "2017-02-10T11:26:19.839Z", "is_enabled": true, "tool": 67}, "model": "bay.toolproject", "pk": 200}, {"fields": {"name": "MDP"}, "model": "users.group", "pk": 1}, {"fields": {"name": "TIG FEP"}, "model": "users.group", "pk": 2}, {"fields": {"name": "FE-CSG"}, "model": "users.group", "pk": 3}, {"fields": {"name": "Etch"}, "model": "users.group", "pk": 4}, {"fields": {"name": "SBU-ENG"}, "model": "users.group", "pk": 5}, {"fields": {"name": "CMP-ENG"}, "model": "users.group", "pk": 6}, {"fields": {"name": "DSM-CVD"}, "model": "users.group", "pk": 7}, {"fields": {"name": "WWO-CE"}, "model": "users.group", "pk": 8}, {"fields": {"name": "AGS-Systems"}, "model": "users.group", "pk": 9}, {"fields": {"first_name": "RAVIKUMAR", "last_name": "AATHINARAYANAN", "is_owner": true, "rfid": "165605", "is_active": true, "group": 1, "is_admin": false, "last_login": "2017-01-28T10:24:28.766Z", "password": "pbkdf2_sha256$20000$WIjp2qYsTdnY$D/udTUis3rSvA6dXk+5zWvRohgOL0BB4rmB1CQ73CkI=", "email": "Ravikumar_Aathinarayanan@amat.com"}, "model": "users.bayuser", "pk": 1}, {"fields": {"first_name": "super", "last_name": "admin", "is_owner": true, "rfid": "1234567", "is_active": true, "group": null, "is_admin": true, "last_login": "2017-03-07T08:04:23.365Z", "password": "pbkdf2_sha256$20000$jgMGtnEZlcit$CD8l08L6nksiahatX4aowonJaASWxQx2Ndokn1sKvxU=", "email": "bay@amat.com"}, "model": "users.bayuser", "pk": 2}, {"fields": {"first_name": "PARTHA PRATIM", "last_name": "DHAR", "is_owner": true, "rfid": "165626", "is_active": true, "group": 3, "is_admin": false, "last_login": null, "password": "", "email": "Partha_Dhar@amat.com"}, "model": "users.bayuser", "pk": 3}, {"fields": {"first_name": "SARAVANAN", "last_name": "CHANDRABALU", "is_owner": true, "rfid": "135054", "is_active": true, "group": 3, "is_admin": false, "last_login": null, "password": "", "email": "Saravanan_Chandrabalu@amat.com"}, "model": "users.bayuser", "pk": 4}, {"fields": {"first_name": "SANJAY", "last_name": "BHAT", "is_owner": true, "rfid": "152562", "is_active": true, "group": 2, "is_admin": false, "last_login": null, "password": "", "email": "Sanjay_Bhat@amat.com"}, "model": "users.bayuser", "pk": 5}, {"fields": {"first_name": "NARAYANAN", "last_name": "RAMACHANDRAN", "is_owner": true, "rfid": "130769", "is_active": true, "group": 3, "is_admin": false, "last_login": null, "password": "", "email": "Narayanan_Ramachandran@amat.com"}, "model": "users.bayuser", "pk": 6}, {"fields": {"first_name": "DHARMA RATNAM", "last_name": "SRICHURNAM", "is_owner": true, "rfid": "114226", "is_active": true, "group": 3, "is_admin": false, "last_login": null, "password": "", "email": "Dharma_Ratnam_Srichurnam@amat.com"}, "model": "users.bayuser", "pk": 7}, {"fields": {"first_name": "AKASH", "last_name": "GOYAL", "is_owner": true, "rfid": "137653", "is_active": true, "group": 3, "is_admin": false, "last_login": null, "password": "", "email": "Akash_Goyal@amat.com"}, "model": "users.bayuser", "pk": 8}, {"fields": {"first_name": "PRAVEEN", "last_name": "CHORAGUDI", "is_owner": true, "rfid": "197198", "is_active": true, "group": 3, "is_admin": false, "last_login": null, "password": "", "email": "Praveen_Choragudi@amat.com"}, "model": "users.bayuser", "pk": 9}, {"fields": {"first_name": "RAJKUMAR", "last_name": "THANU", "is_owner": true, "rfid": "165743", "is_active": true, "group": 3, "is_admin": false, "last_login": null, "password": "", "email": "Rajkumar_Thanu@amat.com"}, "model": "users.bayuser", "pk": 10}, {"fields": {"first_name": "CHAITANYA PRASAD", "last_name": "A", "is_owner": true, "rfid": "130829", "is_active": true, "group": 2, "is_admin": false, "last_login": null, "password": "", "email": "Chaitanya_Prasad@amat.com"}, "model": "users.bayuser", "pk": 11}, {"fields": {"first_name": "MAHESH", "last_name": "RAMAKRISHNA", "is_owner": true, "rfid": "152729", "is_active": true, "group": 2, "is_admin": false, "last_login": null, "password": "", "email": "Mahesh_R@amat.com"}, "model": "users.bayuser", "pk": 12}, {"fields": {"first_name": "AVINASH", "last_name": "SHERVEGAR", "is_owner": true, "rfid": "166018", "is_active": true, "group": 2, "is_admin": false, "last_login": null, "password": "", "email": "Avinash_Shervegar@amat.com"}, "model": "users.bayuser", "pk": 13}, {"fields": {"first_name": "NAMAN", "last_name": "APURVA", "is_owner": true, "rfid": "160159", "is_active": true, "group": 2, "is_admin": false, "last_login": null, "password": "", "email": "Naman_Apurva@amat.com"}, "model": "users.bayuser", "pk": 14}, {"fields": {"first_name": "BALACHANDRA", "last_name": "NARAYAN", "is_owner": true, "rfid": "155636", "is_active": true, "group": 4, "is_admin": false, "last_login": null, "password": "", "email": "Balachandra_Narayan@amat.com"}, "model": "users.bayuser", "pk": 15}, {"fields": {"first_name": "MANU", "last_name": "MOHAN", "is_owner": true, "rfid": "130823", "is_active": true, "group": 5, "is_admin": false, "last_login": null, "password": "", "email": "Manu_Mohan@amat.com"}, "model": "users.bayuser", "pk": 16}, {"fields": {"first_name": "KABILAN", "last_name": "SANTHANAM", "is_owner": true, "rfid": "143073", "is_active": true, "group": 3, "is_admin": false, "last_login": null, "password": "", "email": "Kabilan_Santhanam@amat.com"}, "model": "users.bayuser", "pk": 17}, {"fields": {"first_name": "AMARNATH", "last_name": "PAI", "is_owner": true, "rfid": "143112", "is_active": true, "group": 6, "is_admin": false, "last_login": null, "password": "", "email": "Amarnath_Pai@amat.com"}, "model": "users.bayuser", "pk": 18}, {"fields": {"first_name": "PRASHANT", "last_name": "V JAVALI", "is_owner": true, "rfid": "137659", "is_active": true, "group": 4, "is_admin": false, "last_login": null, "password": "", "email": "Prashant_Javali@amat.com"}, "model": "users.bayuser", "pk": 19}, {"fields": {"first_name": "PRAKASH", "last_name": "MANUR", "is_owner": true, "rfid": "165894", "is_active": true, "group": 7, "is_admin": false, "last_login": null, "password": "", "email": "Prakash_Manur@amat.com"}, "model": "users.bayuser", "pk": 20}, {"fields": {"first_name": "AMEET", "last_name": "SURYAKANT", "is_owner": true, "rfid": "152436", "is_active": true, "group": 8, "is_admin": false, "last_login": null, "password": "", "email": "Ameet_Suryakant@amat.com"}, "model": "users.bayuser", "pk": 21}, {"fields": {"first_name": "MAHADEV", "last_name": "JOSHI", "is_owner": true, "rfid": "152673", "is_active": true, "group": 9, "is_admin": false, "last_login": null, "password": "", "email": "Mahadev_Joshi@amat.com"}, "model": "users.bayuser", "pk": 22}, {"fields": {"first_name": "PRAJEETH", "last_name": "WILTON", "is_owner": true, "rfid": "202253", "is_active": true, "group": 7, "is_admin": false, "last_login": null, "password": "", "email": "Prajeeth_Wilton@amat.com"}, "model": "users.bayuser", "pk": 23}, {"fields": {"first_name": "RAVINDRAKUMAR", "last_name": "YALAMALLI", "is_owner": true, "rfid": "160084", "is_active": true, "group": 4, "is_admin": false, "last_login": null, "password": "", "email": "Ravindrakumar_Yalamalli@amat.com"}, "model": "users.bayuser", "pk": 24}, {"fields": {"first_name": "ABDUL AKBAR", "last_name": "KUPPAKKATTU", "is_owner": true, "rfid": "143088", "is_active": true, "group": 2, "is_admin": false, "last_login": null, "password": "", "email": "Abdul_Kuppakkattu@amat.com"}, "model": "users.bayuser", "pk": 25}, {"fields": {"first_name": "AJU", "last_name": "PHILIP", "is_owner": false, "rfid": "155995", "is_active": true, "group": 3, "is_admin": false, "last_login": null, "password": "", "email": "Aju_Philip@amat.com"}, "model": "users.bayuser", "pk": 26}, {"fields": {"first_name": "ARUNKUMAR", "last_name": "KANDASAMY", "is_owner": false, "rfid": "137515", "is_active": true, "group": 4, "is_admin": false, "last_login": null, "password": "", "email": "Arunkumar_Kandasamy@contractor.amat.com"}, "model": "users.bayuser", "pk": 27}, {"fields": {"first_name": "ASHOK KUMAR", "last_name": "DHANARAJ", "is_owner": false, "rfid": "223221", "is_active": true, "group": 3, "is_admin": false, "last_login": null, "password": "", "email": "AshokKumar_Dhanaraj@amat.com"}, "model": "users.bayuser", "pk": 28}, {"fields": {"first_name": "BALASUBRAMANIAM", "last_name": "C J", "is_owner": false, "rfid": "137619", "is_active": true, "group": 6, "is_admin": false, "last_login": null, "password": "", "email": "Bala_Subramaniam@amat.com"}, "model": "users.bayuser", "pk": 29}, {"fields": {"first_name": "BALAJI", "last_name": "P", "is_owner": false, "rfid": "130958", "is_active": true, "group": 3, "is_admin": false, "last_login": null, "password": "", "email": "Balaji_Panneerselvam@amat.com"}, "model": "users.bayuser", "pk": 30}, {"fields": {"first_name": "BHARATH BOPANNA", "last_name": "P", "is_owner": false, "rfid": "223142", "is_active": true, "group": 5, "is_admin": false, "last_login": null, "password": "", "email": "BharathBopanna_Puttichanda@amat.com"}, "model": "users.bayuser", "pk": 31}, {"fields": {"first_name": "CHANDRAKANT", "last_name": "SAPKALE", "is_owner": false, "rfid": "143143", "is_active": true, "group": 3, "is_admin": false, "last_login": null, "password": "", "email": "Chandrakant_Sapkale@amat.com"}, "model": "users.bayuser", "pk": 32}, {"fields": {"first_name": "CHETAN", "last_name": "NAIK", "is_owner": false, "rfid": "160197", "is_active": true, "group": 4, "is_admin": false, "last_login": null, "password": "", "email": "Chetan_Naik@amat.com"}, "model": "users.bayuser", "pk": 33}, {"fields": {"first_name": "DEEPAK", "last_name": "JADHAV", "is_owner": false, "rfid": "160966", "is_active": true, "group": 1, "is_admin": false, "last_login": null, "password": "", "email": "Deepak_Jadhav@amat.com"}, "model": "users.bayuser", "pk": 34}, {"fields": {"first_name": "DEVENDRA", "last_name": "HOLEYANNAVAR", "is_owner": false, "rfid": "135063", "is_active": true, "group": 3, "is_admin": false, "last_login": null, "password": "", "email": "Devendra_Holeyannavar@amat.com"}, "model": "users.bayuser", "pk": 35}, {"fields": {"first_name": "DHIRENDRA", "last_name": "KUMAR", "is_owner": false, "rfid": "165852", "is_active": true, "group": 3, "is_admin": false, "last_login": null, "password": "", "email": "Dhirendra_Kumar@amat.com"}, "model": "users.bayuser", "pk": 36}, {"fields": {"first_name": "GOPALAKRISHNAN", "last_name": "TRIKKUR SANGAMESWARA", "is_owner": false, "rfid": "160079", "is_active": true, "group": 9, "is_admin": false, "last_login": null, "password": "", "email": "Gopal_Trikkur@amat.com"}, "model": "users.bayuser", "pk": 37}, {"fields": {"first_name": "HANISH KUMAR", "last_name": "P K", "is_owner": false, "rfid": "199763", "is_active": true, "group": 7, "is_admin": false, "last_login": null, "password": "", "email": "Hanish_Kumar@amat.com"}, "model": "users.bayuser", "pk": 38}, {"fields": {"first_name": "JAGAN", "last_name": "E", "is_owner": false, "rfid": "165610", "is_active": true, "group": 3, "is_admin": false, "last_login": null, "password": "", "email": "Jagan_Ealumalai@amat.com"}, "model": "users.bayuser", "pk": 39}, {"fields": {"first_name": "GIRIDHAR", "last_name": "KAMESH", "is_owner": false, "rfid": "165625", "is_active": true, "group": 2, "is_admin": false, "last_login": null, "password": "", "email": "Kamesh_Giridhar@amat.com"}, "model": "users.bayuser", "pk": 40}, {"fields": {"first_name": "MANJUNATHA", "last_name": "ADAGOOR", "is_owner": false, "rfid": "137635", "is_active": true, "group": 5, "is_admin": false, "last_login": null, "password": "", "email": "Manjunatha_V@amat.com"}, "model": "users.bayuser", "pk": 41}, {"fields": {"first_name": "MANOJ", "last_name": "GAJENDRA", "is_owner": false, "rfid": "143399", "is_active": true, "group": 9, "is_admin": false, "last_login": null, "password": "", "email": "Manoj_Gajendra@amat.com"}, "model": "users.bayuser", "pk": 42}, {"fields": {"first_name": "MOHAMMAD", "last_name": "AAMIR", "is_owner": false, "rfid": "160961", "is_active": true, "group": 2, "is_admin": false, "last_login": null, "password": "", "email": "Mohammad_Aamir@amat.com"}, "model": "users.bayuser", "pk": 43}, {"fields": {"first_name": "NAGAVENKATARAJU", "last_name": "RAMACHANDRAGUPTA", "is_owner": false, "rfid": "130858", "is_active": true, "group": 9, "is_admin": false, "last_login": null, "password": "", "email": "Nagavenkataraju_Ramachandragupta@contractor.amat.com"}, "model": "users.bayuser", "pk": 44}, {"fields": {"first_name": "NAVEEN", "last_name": "PARTHASARATHY", "is_owner": false, "rfid": "165631", "is_active": true, "group": 3, "is_admin": false, "last_login": null, "password": "", "email": "Naveen_Parthasarathy@amat.com"}, "model": "users.bayuser", "pk": 45}, {"fields": {"first_name": "PRABHURAJ", "last_name": "KUBERAN", "is_owner": false, "rfid": "159159", "is_active": true, "group": 9, "is_admin": false, "last_login": null, "password": "", "email": "Prabhuraj_Kuberan@amat.com"}, "model": "users.bayuser", "pk": 46}, {"fields": {"first_name": "PRADEEP KUMAR", "last_name": "P", "is_owner": false, "rfid": "137628", "is_active": true, "group": 8, "is_admin": false, "last_login": null, "password": "", "email": "Pradeep_Panneerselvam@amat.com"}, "model": "users.bayuser", "pk": 47}, {"fields": {"first_name": "PRASHANT", "last_name": "AGARWAL", "is_owner": false, "rfid": "126868", "is_active": true, "group": 2, "is_admin": false, "last_login": null, "password": "", "email": "Prashant_Agarwal@amat.com"}, "model": "users.bayuser", "pk": 48}, {"fields": {"first_name": "PRASHANT", "last_name": "POTDAR", "is_owner": false, "rfid": "160066", "is_active": true, "group": 2, "is_admin": false, "last_login": null, "password": "", "email": "Prashant_Potdar@amat.com"}, "model": "users.bayuser", "pk": 49}, {"fields": {"first_name": "RAJAT", "last_name": "HADA", "is_owner": false, "rfid": "197119", "is_active": true, "group": 4, "is_admin": false, "last_login": null, "password": "", "email": "Rajat_Hada@amat.com"}, "model": "users.bayuser", "pk": 50}, {"fields": {"first_name": "ROHIT", "last_name": "BANSAL", "is_owner": false, "rfid": "114059", "is_active": true, "group": 7, "is_admin": false, "last_login": null, "password": "", "email": "Rohit_Bansal@amat.com"}, "model": "users.bayuser", "pk": 51}, {"fields": {"first_name": "RUPANKAR", "last_name": "CHOUDHURY", "is_owner": false, "rfid": "152795", "is_active": true, "group": 7, "is_admin": false, "last_login": null, "password": "", "email": "Rupankar_Choudhury@amat.com"}, "model": "users.bayuser", "pk": 52}, {"fields": {"first_name": "SAI KUMAR", "last_name": "KODUMURI", "is_owner": false, "rfid": "165937", "is_active": true, "group": 2, "is_admin": false, "last_login": null, "password": "", "email": "Sai_Kumar_Kodumuri@contractor.amat.com"}, "model": "users.bayuser", "pk": 53}, {"fields": {"first_name": "SANJAY", "last_name": "CHAVAN", "is_owner": false, "rfid": "143221", "is_active": true, "group": 9, "is_admin": false, "last_login": null, "password": "", "email": "Sanjay_Chavan@amat.com"}, "model": "users.bayuser", "pk": 54}, {"fields": {"first_name": "SANTOSH  MOODABIDRI", "last_name": "BHAT", "is_owner": false, "rfid": "152801", "is_active": true, "group": 2, "is_admin": false, "last_login": null, "password": "", "email": "Santosh__Moodabidri_Bhat@contractor.amat.com"}, "model": "users.bayuser", "pk": 55}, {"fields": {"first_name": "SATHISHKUMAR", "last_name": "KUMMAMOORTHY", "is_owner": false, "rfid": "152584", "is_active": true, "group": 4, "is_admin": false, "last_login": null, "password": "", "email": "SathishKumar_Kummamoorthy@amat.com"}, "model": "users.bayuser", "pk": 56}, {"fields": {"first_name": "SREEGANAPATHY", "last_name": "KULOTHUNGAN", "is_owner": false, "rfid": "135046", "is_active": true, "group": 3, "is_admin": false, "last_login": null, "password": "", "email": "Sreeganapathy_Kulothungan@contractor.amat.com"}, "model": "users.bayuser", "pk": 57}, {"fields": {"first_name": "SUBRAMANIAM", "last_name": "IYER", "is_owner": false, "rfid": "120836", "is_active": true, "group": 3, "is_admin": false, "last_login": null, "password": "", "email": "Subu_Iyer@amat.com"}, "model": "users.bayuser", "pk": 58}, {"fields": {"first_name": "VIVEK", "last_name": "R RAO", "is_owner": false, "rfid": "120761", "is_active": true, "group": 3, "is_admin": false, "last_login": null, "password": "", "email": "Vivek_Rao@amat.com"}, "model": "users.bayuser", "pk": 59}, {"fields": {"first_name": "YOGANANDA", "last_name": "SARODE", "is_owner": false, "rfid": "130683", "is_active": true, "group": 4, "is_admin": false, "last_login": null, "password": "", "email": "Yogananda_Sarode@amat.com"}, "model": "users.bayuser", "pk": 60}, {"fields": {"first_name": "MANJUNATH", "last_name": "KOPPA", "is_owner": false, "rfid": "165949", "is_active": true, "group": 1, "is_admin": false, "last_login": null, "password": "", "email": "Manjunatha_Koppa@amat.com"}, "model": "users.bayuser", "pk": 61}, {"fields": {"first_name": "shridhar", "last_name": "veeranagoudra", "is_owner": true, "rfid": "223162", "is_active": true, "group": null, "is_admin": true, "last_login": null, "password": "", "email": "shridhar_veeranagoudra@contractor.amat.com"}, "model": "users.bayuser", "pk": 62}, {"fields": {"first_name": "Visweswar Rao", "last_name": "K", "is_owner": true, "rfid": "160035", "is_active": true, "group": null, "is_admin": true, "last_login": null, "password": "", "email": "visweswar_rao@amat.com"}, "model": "users.bayuser", "pk": 63}, {"fields": {"first_name": "Shivarama", "last_name": "Karmar", "is_owner": true, "rfid": "155979", "is_active": true, "group": null, "is_admin": true, "last_login": null, "password": "", "email": "shivarama_karmar@contractor.amat.com"}, "model": "users.bayuser", "pk": 64}, {"fields": {"first_name": "Sahadevan", "last_name": "Sundar", "is_owner": true, "rfid": "217523", "is_active": true, "group": null, "is_admin": true, "last_login": null, "password": "", "email": "sahadevan_sundar@contractor.amat.com"}, "model": "users.bayuser", "pk": 65}, {"fields": {"first_name": "Rajesh", "last_name": "Solanki", "is_owner": true, "rfid": "155699", "is_active": true, "group": null, "is_admin": true, "last_login": null, "password": "", "email": "Rajesh_Solanki@amat.com"}, "model": "users.bayuser", "pk": 66}, {"fields": {"status": "PR", "tool": 7, "project": 4, "created_on": "2017-02-07T11:44:42.695Z", "user": 62, "updated_on": "2017-02-07T11:44:42.695Z"}, "model": "bay.logging", "pk": 13}, {"fields": {"status": "ID", "tool": 7, "project": 4, "created_on": "2017-02-07T11:45:02.176Z", "user": 62, "updated_on": "2017-02-07T11:45:02.176Z"}, "model": "bay.logging", "pk": 14}, {"fields": {"status": "PR", "tool": 7, "project": 4, "created_on": "2017-02-07T11:45:27.187Z", "user": 62, "updated_on": "2017-02-07T11:45:27.187Z"}, "model": "bay.logging", "pk": 15}, {"fields": {"status": "IN", "tool": 7, "project": 4, "created_on": "2017-02-07T11:52:20.113Z", "user": 62, "updated_on": "2017-02-07T11:52:20.113Z"}, "model": "bay.logging", "pk": 16}, {"fields": {"status": "ID", "tool": 7, "project": 4, "created_on": "2017-02-07T11:54:38.020Z", "user": 62, "updated_on": "2017-02-07T11:54:38.020Z"}, "model": "bay.logging", "pk": 17}, {"fields": {"status": "IN", "tool": 7, "project": 4, "created_on": "2017-02-07T11:54:51.734Z", "user": 62, "updated_on": "2017-02-07T11:54:51.735Z"}, "model": "bay.logging", "pk": 18}, {"fields": {"status": "PR", "tool": 7, "project": 4, "created_on": "2017-02-07T11:55:18.916Z", "user": 62, "updated_on": "2017-02-07T11:55:18.916Z"}, "model": "bay.logging", "pk": 19}, {"fields": {"status": "ID", "tool": 7, "project": 4, "created_on": "2017-02-07T11:56:39.381Z", "user": 62, "updated_on": "2017-02-07T11:56:39.381Z"}, "model": "bay.logging", "pk": 20}, {"fields": {"status": "PR", "tool": 7, "project": 4, "created_on": "2017-02-07T11:56:59.679Z", "user": 62, "updated_on": "2017-02-07T11:56:59.679Z"}, "model": "bay.logging", "pk": 21}, {"fields": {"status": "ID", "tool": 7, "project": 4, "created_on": "2017-02-07T12:06:11.685Z", "user": 62, "updated_on": "2017-02-07T12:06:11.685Z"}, "model": "bay.logging", "pk": 22}, {"fields": {"status": "ID", "tool": 7, "project": 4, "created_on": "2017-02-07T12:09:02.049Z", "user": 62, "updated_on": "2017-02-07T12:09:02.049Z"}, "model": "bay.logging", "pk": 23}, {"fields": {"status": "PR", "tool": 7, "project": 4, "created_on": "2017-02-07T12:13:28.292Z", "user": 63, "updated_on": "2017-02-07T12:13:28.292Z"}, "model": "bay.logging", "pk": 24}, {"fields": {"status": "IN", "tool": 7, "project": 4, "created_on": "2017-02-07T12:13:37.733Z", "user": 63, "updated_on": "2017-02-07T12:13:37.733Z"}, "model": "bay.logging", "pk": 25}, {"fields": {"status": "PR", "tool": 7, "project": 4, "created_on": "2017-02-07T12:15:42.340Z", "user": 63, "updated_on": "2017-02-07T12:15:42.340Z"}, "model": "bay.logging", "pk": 26}, {"fields": {"status": "ID", "tool": 7, "project": 4, "created_on": "2017-02-07T12:18:28.823Z", "user": 63, "updated_on": "2017-02-07T12:18:28.824Z"}, "model": "bay.logging", "pk": 27}, {"fields": {"status": "PR", "tool": 7, "project": 4, "created_on": "2017-02-07T12:19:54.918Z", "user": 65, "updated_on": "2017-02-07T12:19:54.918Z"}, "model": "bay.logging", "pk": 28}, {"fields": {"status": "IN", "tool": 7, "project": 4, "created_on": "2017-02-07T14:24:21.165Z", "user": 62, "updated_on": "2017-02-07T14:24:21.165Z"}, "model": "bay.logging", "pk": 29}, {"fields": {"status": "PR", "tool": 7, "project": 4, "created_on": "2017-02-07T14:25:55.406Z", "user": 62, "updated_on": "2017-02-07T14:25:55.406Z"}, "model": "bay.logging", "pk": 30}, {"fields": {"status": "ID", "tool": 7, "project": 4, "created_on": "2017-02-07T14:49:05.009Z", "user": 62, "updated_on": "2017-02-07T14:49:05.009Z"}, "model": "bay.logging", "pk": 31}, {"fields": {"status": "IN", "tool": 7, "project": 4, "created_on": "2017-02-07T14:49:09.337Z", "user": 62, "updated_on": "2017-02-07T14:49:09.337Z"}, "model": "bay.logging", "pk": 32}, {"fields": {"status": "ID", "tool": 7, "project": 4, "created_on": "2017-02-07T14:50:06.954Z", "user": 62, "updated_on": "2017-02-07T14:50:06.954Z"}, "model": "bay.logging", "pk": 33}, {"fields": {"status": "PR", "tool": 7, "project": 4, "created_on": "2017-02-07T14:50:17.830Z", "user": 62, "updated_on": "2017-02-07T14:50:17.831Z"}, "model": "bay.logging", "pk": 34}, {"fields": {"status": "IN", "tool": 7, "project": 4, "created_on": "2017-02-07T14:50:40.036Z", "user": 62, "updated_on": "2017-02-07T14:50:40.036Z"}, "model": "bay.logging", "pk": 35}, {"fields": {"status": "PR", "tool": 7, "project": 4, "created_on": "2017-02-07T14:53:11.705Z", "user": 62, "updated_on": "2017-02-07T14:53:11.705Z"}, "model": "bay.logging", "pk": 36}, {"fields": {"status": "IN", "tool": 7, "project": 4, "created_on": "2017-02-07T14:56:09.672Z", "user": 62, "updated_on": "2017-02-07T14:56:09.672Z"}, "model": "bay.logging", "pk": 37}, {"fields": {"status": "ID", "tool": 7, "project": 4, "created_on": "2017-02-08T03:42:12.732Z", "user": 62, "updated_on": "2017-02-08T03:42:12.732Z"}, "model": "bay.logging", "pk": 38}, {"fields": {"status": "PR", "tool": 7, "project": 4, "created_on": "2017-02-08T05:28:16.623Z", "user": 62, "updated_on": "2017-02-08T05:28:16.623Z"}, "model": "bay.logging", "pk": 39}, {"fields": {"status": "PR", "tool": 14, "project": 4, "created_on": "2017-02-08T05:58:54.395Z", "user": 62, "updated_on": "2017-02-08T05:58:54.395Z"}, "model": "bay.logging", "pk": 41}, {"fields": {"status": "PR", "tool": 15, "project": 4, "created_on": "2017-02-08T06:25:51.012Z", "user": 62, "updated_on": "2017-02-08T06:25:51.012Z"}, "model": "bay.logging", "pk": 47}, {"fields": {"status": "IN", "tool": 15, "project": 4, "created_on": "2017-02-08T06:25:56.909Z", "user": 62, "updated_on": "2017-02-08T06:25:56.909Z"}, "model": "bay.logging", "pk": 48}, {"fields": {"status": "ID", "tool": 15, "project": 4, "created_on": "2017-02-08T06:26:02.740Z", "user": 62, "updated_on": "2017-02-08T06:26:02.740Z"}, "model": "bay.logging", "pk": 49}, {"fields": {"status": "PR", "tool": 15, "project": 4, "created_on": "2017-02-08T06:26:09.132Z", "user": 62, "updated_on": "2017-02-08T06:26:09.132Z"}, "model": "bay.logging", "pk": 50}, {"fields": {"status": "PR", "tool": 16, "project": 4, "created_on": "2017-02-08T09:28:56.130Z", "user": 63, "updated_on": "2017-02-08T09:28:56.130Z"}, "model": "bay.logging", "pk": 52}, {"fields": {"status": "ID", "tool": 7, "project": 4, "created_on": "2017-02-08T09:29:16.186Z", "user": 63, "updated_on": "2017-02-08T09:29:16.186Z"}, "model": "bay.logging", "pk": 53}, {"fields": {"status": "IN", "tool": 15, "project": 4, "created_on": "2017-02-08T09:32:30.663Z", "user": 63, "updated_on": "2017-02-08T09:32:30.663Z"}, "model": "bay.logging", "pk": 54}, {"fields": {"status": "PR", "tool": 15, "project": 4, "created_on": "2017-02-08T10:08:47.968Z", "user": 13, "updated_on": "2017-02-08T10:08:47.968Z"}, "model": "bay.logging", "pk": 55}, {"fields": {"status": "IN", "tool": 15, "project": 4, "created_on": "2017-02-08T10:08:56.581Z", "user": 13, "updated_on": "2017-02-08T10:08:56.582Z"}, "model": "bay.logging", "pk": 56}, {"fields": {"status": "PR", "tool": 15, "project": 4, "created_on": "2017-02-08T10:09:12.410Z", "user": 13, "updated_on": "2017-02-08T10:09:12.410Z"}, "model": "bay.logging", "pk": 57}, {"fields": {"status": "IN", "tool": 15, "project": 4, "created_on": "2017-02-08T10:09:16.282Z", "user": 13, "updated_on": "2017-02-08T10:09:16.282Z"}, "model": "bay.logging", "pk": 58}, {"fields": {"status": "ID", "tool": 16, "project": 4, "created_on": "2017-02-08T10:13:40.076Z", "user": 63, "updated_on": "2017-02-08T10:13:40.076Z"}, "model": "bay.logging", "pk": 59}, {"fields": {"status": "PR", "tool": 15, "project": 4, "created_on": "2017-02-08T10:14:00.181Z", "user": 63, "updated_on": "2017-02-08T10:14:00.181Z"}, "model": "bay.logging", "pk": 60}, {"fields": {"status": "PR", "tool": 16, "project": 4, "created_on": "2017-02-08T10:14:09.157Z", "user": 63, "updated_on": "2017-02-08T10:14:09.157Z"}, "model": "bay.logging", "pk": 61}, {"fields": {"status": "PR", "tool": 7, "project": 4, "created_on": "2017-02-08T10:14:45.547Z", "user": 63, "updated_on": "2017-02-08T10:14:45.547Z"}, "model": "bay.logging", "pk": 62}, {"fields": {"status": "ID", "tool": 14, "project": 4, "created_on": "2017-02-08T10:15:15.981Z", "user": 63, "updated_on": "2017-02-08T10:15:15.981Z"}, "model": "bay.logging", "pk": 63}, {"fields": {"status": "ID", "tool": 18, "project": 4, "created_on": "2017-02-08T10:17:24.156Z", "user": 65, "updated_on": "2017-02-08T10:17:24.156Z"}, "model": "bay.logging", "pk": 64}, {"fields": {"status": "PR", "tool": 18, "project": 4, "created_on": "2017-02-08T10:17:52.370Z", "user": 8, "updated_on": "2017-02-08T10:17:52.370Z"}, "model": "bay.logging", "pk": 65}, {"fields": {"status": "PR", "tool": 14, "project": 4, "created_on": "2017-02-08T10:24:39.405Z", "user": 65, "updated_on": "2017-02-08T10:24:39.405Z"}, "model": "bay.logging", "pk": 66}, {"fields": {"status": "ID", "tool": 16, "project": 4, "created_on": "2017-02-08T10:25:41.191Z", "user": 65, "updated_on": "2017-02-08T10:25:41.191Z"}, "model": "bay.logging", "pk": 67}, {"fields": {"status": "IN", "tool": 16, "project": 4, "created_on": "2017-02-08T10:25:48.865Z", "user": 65, "updated_on": "2017-02-08T10:25:48.865Z"}, "model": "bay.logging", "pk": 68}, {"fields": {"status": "IN", "tool": 18, "project": 4, "created_on": "2017-02-08T10:26:48.739Z", "user": 8, "updated_on": "2017-02-08T10:26:48.739Z"}, "model": "bay.logging", "pk": 69}, {"fields": {"status": "PR", "tool": 18, "project": 4, "created_on": "2017-02-08T10:26:50.918Z", "user": 8, "updated_on": "2017-02-08T10:26:50.918Z"}, "model": "bay.logging", "pk": 70}, {"fields": {"status": "PR", "tool": 27, "project": 4, "created_on": "2017-02-08T10:28:22.030Z", "user": 58, "updated_on": "2017-02-08T10:28:22.030Z"}, "model": "bay.logging", "pk": 71}, {"fields": {"status": "PR", "tool": 27, "project": 4, "created_on": "2017-02-08T10:28:28.584Z", "user": 58, "updated_on": "2017-02-08T10:28:28.584Z"}, "model": "bay.logging", "pk": 72}, {"fields": {"status": "IN", "tool": 27, "project": 4, "created_on": "2017-02-08T10:28:43.965Z", "user": 58, "updated_on": "2017-02-08T10:28:43.966Z"}, "model": "bay.logging", "pk": 73}, {"fields": {"status": "PR", "tool": 27, "project": 4, "created_on": "2017-02-08T10:29:02.649Z", "user": 58, "updated_on": "2017-02-08T10:29:02.649Z"}, "model": "bay.logging", "pk": 74}, {"fields": {"status": "PR", "tool": 27, "project": 4, "created_on": "2017-02-08T10:30:32.752Z", "user": 58, "updated_on": "2017-02-08T10:30:32.753Z"}, "model": "bay.logging", "pk": 75}, {"fields": {"status": "PR", "tool": 27, "project": 4, "created_on": "2017-02-08T10:31:02.823Z", "user": 58, "updated_on": "2017-02-08T10:31:02.823Z"}, "model": "bay.logging", "pk": 76}, {"fields": {"status": "PR", "tool": 27, "project": 4, "created_on": "2017-02-08T10:33:51.463Z", "user": 58, "updated_on": "2017-02-08T10:33:51.463Z"}, "model": "bay.logging", "pk": 77}, {"fields": {"status": "IN", "tool": 15, "project": 4, "created_on": "2017-02-08T11:12:24.034Z", "user": 13, "updated_on": "2017-02-08T11:12:24.034Z"}, "model": "bay.logging", "pk": 78}, {"fields": {"status": "PR", "tool": 15, "project": 4, "created_on": "2017-02-08T11:12:27.754Z", "user": 13, "updated_on": "2017-02-08T11:12:27.754Z"}, "model": "bay.logging", "pk": 79}, {"fields": {"status": "ID", "tool": 14, "project": 4, "created_on": "2017-02-08T11:13:03.200Z", "user": 12, "updated_on": "2017-02-08T11:13:03.200Z"}, "model": "bay.logging", "pk": 80}, {"fields": {"status": "IN", "tool": 15, "project": 4, "created_on": "2017-02-08T11:13:21.817Z", "user": 13, "updated_on": "2017-02-08T11:13:21.817Z"}, "model": "bay.logging", "pk": 81}, {"fields": {"status": "PR", "tool": 16, "project": 4, "created_on": "2017-02-08T11:14:02.294Z", "user": 11, "updated_on": "2017-02-08T11:14:02.294Z"}, "model": "bay.logging", "pk": 82}, {"fields": {"status": "PR", "tool": 16, "project": 4, "created_on": "2017-02-08T11:14:12.931Z", "user": 11, "updated_on": "2017-02-08T11:14:12.931Z"}, "model": "bay.logging", "pk": 83}, {"fields": {"status": "PR", "tool": 14, "project": 4, "created_on": "2017-02-08T11:14:19.927Z", "user": 11, "updated_on": "2017-02-08T11:14:19.927Z"}, "model": "bay.logging", "pk": 84}, {"fields": {"status": "ID", "tool": 16, "project": 4, "created_on": "2017-02-08T11:14:29.419Z", "user": 11, "updated_on": "2017-02-08T11:14:29.419Z"}, "model": "bay.logging", "pk": 85}, {"fields": {"status": "PR", "tool": 16, "project": 4, "created_on": "2017-02-08T11:14:33.518Z", "user": 11, "updated_on": "2017-02-08T11:14:33.518Z"}, "model": "bay.logging", "pk": 86}, {"fields": {"status": "PR", "tool": 15, "project": 4, "created_on": "2017-02-08T12:00:58.322Z", "user": 62, "updated_on": "2017-02-08T12:00:58.322Z"}, "model": "bay.logging", "pk": 87}, {"fields": {"status": "PR", "tool": 15, "project": 4, "created_on": "2017-02-08T13:55:34.808Z", "user": 62, "updated_on": "2017-02-08T13:55:34.808Z"}, "model": "bay.logging", "pk": 88}, {"fields": {"status": "PR", "tool": 15, "project": 4, "created_on": "2017-02-08T13:55:57.630Z", "user": 62, "updated_on": "2017-02-08T13:55:57.630Z"}, "model": "bay.logging", "pk": 89}, {"fields": {"status": "PR", "tool": 7, "project": 4, "created_on": "2017-02-08T13:56:09.686Z", "user": 62, "updated_on": "2017-02-08T13:56:09.686Z"}, "model": "bay.logging", "pk": 90}, {"fields": {"status": "PR", "tool": 14, "project": 4, "created_on": "2017-02-08T13:56:30.059Z", "user": 62, "updated_on": "2017-02-08T13:56:30.059Z"}, "model": "bay.logging", "pk": 91}, {"fields": {"status": "ID", "tool": 30, "project": 4, "created_on": "2017-02-08T15:46:24.750Z", "user": 62, "updated_on": "2017-02-08T15:46:24.750Z"}, "model": "bay.logging", "pk": 92}, {"fields": {"status": "PR", "tool": 30, "project": 4, "created_on": "2017-02-08T15:46:30.927Z", "user": 62, "updated_on": "2017-02-08T15:46:30.927Z"}, "model": "bay.logging", "pk": 93}, {"fields": {"status": "ID", "tool": 30, "project": 4, "created_on": "2017-02-08T15:46:39.975Z", "user": 62, "updated_on": "2017-02-08T15:46:39.975Z"}, "model": "bay.logging", "pk": 94}, {"fields": {"status": "PR", "tool": 30, "project": 4, "created_on": "2017-02-08T16:32:41.925Z", "user": 62, "updated_on": "2017-02-08T16:32:41.925Z"}, "model": "bay.logging", "pk": 95}, {"fields": {"status": "PR", "tool": 43, "project": 4, "created_on": "2017-02-08T16:36:11.880Z", "user": 62, "updated_on": "2017-02-08T16:36:11.880Z"}, "model": "bay.logging", "pk": 96}, {"fields": {"status": "IN", "tool": 45, "project": 4, "created_on": "2017-02-08T16:36:22.187Z", "user": 62, "updated_on": "2017-02-08T16:36:22.187Z"}, "model": "bay.logging", "pk": 97}, {"fields": {"status": "IN", "tool": 46, "project": 4, "created_on": "2017-02-08T16:36:48.719Z", "user": 62, "updated_on": "2017-02-08T16:36:48.719Z"}, "model": "bay.logging", "pk": 98}, {"fields": {"status": "PR", "tool": 44, "project": 4, "created_on": "2017-02-08T16:37:29.781Z", "user": 62, "updated_on": "2017-02-08T16:37:29.781Z"}, "model": "bay.logging", "pk": 99}, {"fields": {"status": "ID", "tool": 44, "project": 4, "created_on": "2017-02-08T16:37:37.796Z", "user": 62, "updated_on": "2017-02-08T16:37:37.796Z"}, "model": "bay.logging", "pk": 100}, {"fields": {"status": "PR", "tool": 44, "project": 4, "created_on": "2017-02-08T16:37:47.282Z", "user": 62, "updated_on": "2017-02-08T16:37:47.282Z"}, "model": "bay.logging", "pk": 101}, {"fields": {"status": "ID", "tool": 44, "project": 4, "created_on": "2017-02-08T16:37:57.396Z", "user": 62, "updated_on": "2017-02-08T16:37:57.396Z"}, "model": "bay.logging", "pk": 102}, {"fields": {"status": "IN", "tool": 50, "project": 4, "created_on": "2017-02-08T16:43:16.670Z", "user": 62, "updated_on": "2017-02-08T16:43:16.670Z"}, "model": "bay.logging", "pk": 103}, {"fields": {"status": "IN", "tool": 48, "project": 4, "created_on": "2017-02-08T16:43:28.266Z", "user": 62, "updated_on": "2017-02-08T16:43:28.266Z"}, "model": "bay.logging", "pk": 104}, {"fields": {"status": "PR", "tool": 52, "project": 4, "created_on": "2017-02-08T16:43:37.507Z", "user": 62, "updated_on": "2017-02-08T16:43:37.507Z"}, "model": "bay.logging", "pk": 105}, {"fields": {"status": "IN", "tool": 53, "project": 4, "created_on": "2017-02-08T16:51:29.752Z", "user": 62, "updated_on": "2017-02-08T16:51:29.752Z"}, "model": "bay.logging", "pk": 106}, {"fields": {"status": "PR", "tool": 53, "project": 4, "created_on": "2017-02-08T16:51:34.475Z", "user": 62, "updated_on": "2017-02-08T16:51:34.475Z"}, "model": "bay.logging", "pk": 107}, {"fields": {"status": "PR", "tool": 16, "project": 4, "created_on": "2017-02-08T16:56:55.139Z", "user": 62, "updated_on": "2017-02-08T16:56:55.139Z"}, "model": "bay.logging", "pk": 108}, {"fields": {"status": "PR", "tool": 61, "project": 4, "created_on": "2017-02-08T17:39:26.799Z", "user": 62, "updated_on": "2017-02-08T17:39:26.799Z"}, "model": "bay.logging", "pk": 109}, {"fields": {"status": "PR", "tool": 62, "project": 4, "created_on": "2017-02-08T17:39:31.955Z", "user": 62, "updated_on": "2017-02-08T17:39:31.955Z"}, "model": "bay.logging", "pk": 110}, {"fields": {"status": "PR", "tool": 60, "project": 4, "created_on": "2017-02-08T17:39:36.623Z", "user": 62, "updated_on": "2017-02-08T17:39:36.623Z"}, "model": "bay.logging", "pk": 111}, {"fields": {"status": "ID", "tool": 62, "project": 4, "created_on": "2017-02-08T17:40:04.399Z", "user": 62, "updated_on": "2017-02-08T17:40:04.399Z"}, "model": "bay.logging", "pk": 112}, {"fields": {"status": "PR", "tool": 62, "project": 4, "created_on": "2017-02-08T17:40:07.556Z", "user": 62, "updated_on": "2017-02-08T17:40:07.556Z"}, "model": "bay.logging", "pk": 113}, {"fields": {"status": "PR", "tool": 55, "project": 4, "created_on": "2017-02-09T08:56:36.491Z", "user": 63, "updated_on": "2017-02-09T08:56:36.491Z"}, "model": "bay.logging", "pk": 114}, {"fields": {"status": "PR", "tool": 48, "project": 4, "created_on": "2017-02-09T09:08:42.765Z", "user": 9, "updated_on": "2017-02-09T09:08:42.765Z"}, "model": "bay.logging", "pk": 115}, {"fields": {"status": "PR", "tool": 50, "project": 4, "created_on": "2017-02-09T09:10:08.181Z", "user": 63, "updated_on": "2017-02-09T09:10:08.181Z"}, "model": "bay.logging", "pk": 116}, {"fields": {"status": "PR", "tool": 14, "project": 4, "created_on": "2017-02-09T10:51:33.176Z", "user": 12, "updated_on": "2017-02-09T10:51:33.176Z"}, "model": "bay.logging", "pk": 117}, {"fields": {"status": "ID", "tool": 14, "project": 4, "created_on": "2017-02-09T10:52:07.482Z", "user": 12, "updated_on": "2017-02-09T10:52:07.482Z"}, "model": "bay.logging", "pk": 118}, {"fields": {"status": "ID", "tool": 16, "project": 4, "created_on": "2017-02-09T11:01:20.909Z", "user": 65, "updated_on": "2017-02-09T11:01:20.909Z"}, "model": "bay.logging", "pk": 119}, {"fields": {"status": "PR", "tool": 16, "project": 4, "created_on": "2017-02-09T11:01:26.222Z", "user": 65, "updated_on": "2017-02-09T11:01:26.222Z"}, "model": "bay.logging", "pk": 120}, {"fields": {"status": "PR", "tool": 16, "project": 4, "created_on": "2017-02-09T11:02:33.246Z", "user": 65, "updated_on": "2017-02-09T11:02:33.246Z"}, "model": "bay.logging", "pk": 121}, {"fields": {"status": "IN", "tool": 15, "project": 4, "created_on": "2017-02-09T14:37:00.987Z", "user": 62, "updated_on": "2017-02-09T14:37:00.987Z"}, "model": "bay.logging", "pk": 122}, {"fields": {"status": "ID", "tool": 15, "project": 4, "created_on": "2017-02-09T14:37:03.623Z", "user": 62, "updated_on": "2017-02-09T14:37:03.623Z"}, "model": "bay.logging", "pk": 123}, {"fields": {"status": "IN", "tool": 31, "project": 4, "created_on": "2017-02-10T05:31:37.262Z", "user": 62, "updated_on": "2017-02-10T05:31:37.262Z"}, "model": "bay.logging", "pk": 124}, {"fields": {"status": "ID", "tool": 31, "project": 4, "created_on": "2017-02-10T05:31:41.680Z", "user": 62, "updated_on": "2017-02-10T05:31:41.680Z"}, "model": "bay.logging", "pk": 125}, {"fields": {"status": "IN", "tool": 59, "project": 4, "created_on": "2017-02-10T05:40:20.673Z", "user": 62, "updated_on": "2017-02-10T05:40:20.673Z"}, "model": "bay.logging", "pk": 126}, {"fields": {"status": "ID", "tool": 59, "project": 4, "created_on": "2017-02-10T05:40:26.225Z", "user": 62, "updated_on": "2017-02-10T05:40:26.225Z"}, "model": "bay.logging", "pk": 127}, {"fields": {"status": "IN", "tool": 59, "project": 4, "created_on": "2017-02-10T05:40:32.076Z", "user": 62, "updated_on": "2017-02-10T05:40:32.076Z"}, "model": "bay.logging", "pk": 128}, {"fields": {"status": "ID", "tool": 59, "project": 4, "created_on": "2017-02-10T05:40:36.420Z", "user": 62, "updated_on": "2017-02-10T05:40:36.420Z"}, "model": "bay.logging", "pk": 129}, {"fields": {"status": "IN", "tool": 60, "project": 4, "created_on": "2017-02-10T05:40:55.297Z", "user": 62, "updated_on": "2017-02-10T05:40:55.297Z"}, "model": "bay.logging", "pk": 130}, {"fields": {"status": "PR", "tool": 60, "project": 4, "created_on": "2017-02-10T05:41:00.371Z", "user": 62, "updated_on": "2017-02-10T05:41:00.371Z"}, "model": "bay.logging", "pk": 131}, {"fields": {"status": "IN", "tool": 62, "project": 4, "created_on": "2017-02-10T05:41:13.100Z", "user": 62, "updated_on": "2017-02-10T05:41:13.100Z"}, "model": "bay.logging", "pk": 132}, {"fields": {"status": "PR", "tool": 62, "project": 4, "created_on": "2017-02-10T05:41:15.472Z", "user": 62, "updated_on": "2017-02-10T05:41:15.472Z"}, "model": "bay.logging", "pk": 133}, {"fields": {"status": "IN", "tool": 60, "project": 4, "created_on": "2017-02-10T05:42:55.521Z", "user": 62, "updated_on": "2017-02-10T05:42:55.521Z"}, "model": "bay.logging", "pk": 134}, {"fields": {"status": "PR", "tool": 60, "project": 4, "created_on": "2017-02-10T05:43:00.717Z", "user": 62, "updated_on": "2017-02-10T05:43:00.717Z"}, "model": "bay.logging", "pk": 135}, {"fields": {"status": "ID", "tool": 58, "project": 4, "created_on": "2017-02-10T06:04:02.992Z", "user": 62, "updated_on": "2017-02-10T06:04:02.992Z"}, "model": "bay.logging", "pk": 136}, {"fields": {"status": "IN", "tool": 58, "project": 4, "created_on": "2017-02-10T06:04:05.067Z", "user": 62, "updated_on": "2017-02-10T06:04:05.068Z"}, "model": "bay.logging", "pk": 137}, {"fields": {"status": "PR", "tool": 58, "project": 4, "created_on": "2017-02-10T06:04:08.650Z", "user": 62, "updated_on": "2017-02-10T06:04:08.650Z"}, "model": "bay.logging", "pk": 138}, {"fields": {"status": "IN", "tool": 58, "project": 4, "created_on": "2017-02-10T06:04:18.880Z", "user": 62, "updated_on": "2017-02-10T06:04:18.880Z"}, "model": "bay.logging", "pk": 139}, {"fields": {"status": "PR", "tool": 58, "project": 4, "created_on": "2017-02-10T06:04:22.819Z", "user": 62, "updated_on": "2017-02-10T06:04:22.819Z"}, "model": "bay.logging", "pk": 140}, {"fields": {"status": "IN", "tool": 54, "project": 4, "created_on": "2017-02-10T06:04:36.116Z", "user": 62, "updated_on": "2017-02-10T06:04:36.116Z"}, "model": "bay.logging", "pk": 141}, {"fields": {"status": "PR", "tool": 54, "project": 4, "created_on": "2017-02-10T06:04:41.319Z", "user": 62, "updated_on": "2017-02-10T06:04:41.319Z"}, "model": "bay.logging", "pk": 142}, {"fields": {"status": "IN", "tool": 54, "project": 4, "created_on": "2017-02-10T06:04:45.558Z", "user": 62, "updated_on": "2017-02-10T06:04:45.558Z"}, "model": "bay.logging", "pk": 143}, {"fields": {"status": "PR", "tool": 54, "project": 4, "created_on": "2017-02-10T06:04:51.344Z", "user": 62, "updated_on": "2017-02-10T06:04:51.344Z"}, "model": "bay.logging", "pk": 144}, {"fields": {"status": "IN", "tool": 55, "project": 4, "created_on": "2017-02-10T06:05:33.700Z", "user": 62, "updated_on": "2017-02-10T06:05:33.700Z"}, "model": "bay.logging", "pk": 145}, {"fields": {"status": "PR", "tool": 55, "project": 4, "created_on": "2017-02-10T06:05:35.902Z", "user": 62, "updated_on": "2017-02-10T06:05:35.902Z"}, "model": "bay.logging", "pk": 146}, {"fields": {"status": "IN", "tool": 53, "project": 4, "created_on": "2017-02-10T06:05:48.636Z", "user": 62, "updated_on": "2017-02-10T06:05:48.636Z"}, "model": "bay.logging", "pk": 147}, {"fields": {"status": "PR", "tool": 53, "project": 4, "created_on": "2017-02-10T06:05:52.195Z", "user": 62, "updated_on": "2017-02-10T06:05:52.195Z"}, "model": "bay.logging", "pk": 148}, {"fields": {"status": "IN", "tool": 54, "project": 4, "created_on": "2017-02-10T06:12:06.162Z", "user": 62, "updated_on": "2017-02-10T06:12:06.162Z"}, "model": "bay.logging", "pk": 149}, {"fields": {"status": "PR", "tool": 54, "project": 4, "created_on": "2017-02-10T06:12:10.666Z", "user": 62, "updated_on": "2017-02-10T06:12:10.666Z"}, "model": "bay.logging", "pk": 150}, {"fields": {"status": "IN", "tool": 58, "project": 4, "created_on": "2017-02-10T06:14:55.473Z", "user": 62, "updated_on": "2017-02-10T06:14:55.473Z"}, "model": "bay.logging", "pk": 151}, {"fields": {"status": "PR", "tool": 58, "project": 4, "created_on": "2017-02-10T06:14:59.442Z", "user": 62, "updated_on": "2017-02-10T06:14:59.443Z"}, "model": "bay.logging", "pk": 152}, {"fields": {"status": "IN", "tool": 53, "project": 4, "created_on": "2017-02-10T06:15:13.234Z", "user": 62, "updated_on": "2017-02-10T06:15:13.234Z"}, "model": "bay.logging", "pk": 153}, {"fields": {"status": "PR", "tool": 53, "project": 4, "created_on": "2017-02-10T06:15:18.907Z", "user": 62, "updated_on": "2017-02-10T06:15:18.907Z"}, "model": "bay.logging", "pk": 154}, {"fields": {"status": "ID", "tool": 53, "project": 4, "created_on": "2017-02-10T06:16:23.328Z", "user": 62, "updated_on": "2017-02-10T06:16:23.328Z"}, "model": "bay.logging", "pk": 155}, {"fields": {"status": "PR", "tool": 53, "project": 4, "created_on": "2017-02-10T06:16:32.735Z", "user": 62, "updated_on": "2017-02-10T06:16:32.735Z"}, "model": "bay.logging", "pk": 156}, {"fields": {"status": "IN", "tool": 53, "project": 4, "created_on": "2017-02-10T06:17:09.809Z", "user": 62, "updated_on": "2017-02-10T06:17:09.809Z"}, "model": "bay.logging", "pk": 157}, {"fields": {"status": "PR", "tool": 53, "project": 4, "created_on": "2017-02-10T06:17:17.858Z", "user": 62, "updated_on": "2017-02-10T06:17:17.858Z"}, "model": "bay.logging", "pk": 158}, {"fields": {"status": "ID", "tool": 52, "project": 4, "created_on": "2017-02-10T06:47:07.486Z", "user": 62, "updated_on": "2017-02-10T06:47:07.486Z"}, "model": "bay.logging", "pk": 159}, {"fields": {"status": "PR", "tool": 52, "project": 4, "created_on": "2017-02-10T06:47:10.507Z", "user": 62, "updated_on": "2017-02-10T06:47:10.507Z"}, "model": "bay.logging", "pk": 160}, {"fields": {"status": "ID", "tool": 50, "project": 4, "created_on": "2017-02-10T06:47:33.691Z", "user": 62, "updated_on": "2017-02-10T06:47:33.691Z"}, "model": "bay.logging", "pk": 161}, {"fields": {"status": "PR", "tool": 50, "project": 4, "created_on": "2017-02-10T06:47:35.787Z", "user": 62, "updated_on": "2017-02-10T06:47:35.787Z"}, "model": "bay.logging", "pk": 162}, {"fields": {"status": "ID", "tool": 38, "project": 4, "created_on": "2017-02-10T08:19:00.388Z", "user": 62, "updated_on": "2017-02-10T08:19:00.388Z"}, "model": "bay.logging", "pk": 163}, {"fields": {"status": "PR", "tool": 38, "project": 4, "created_on": "2017-02-10T08:19:05.033Z", "user": 62, "updated_on": "2017-02-10T08:19:05.033Z"}, "model": "bay.logging", "pk": 164}, {"fields": {"status": "IN", "tool": 27, "project": 4, "created_on": "2017-02-10T08:19:32.192Z", "user": 62, "updated_on": "2017-02-10T08:19:32.192Z"}, "model": "bay.logging", "pk": 165}, {"fields": {"status": "PR", "tool": 27, "project": 4, "created_on": "2017-02-10T08:19:34.759Z", "user": 62, "updated_on": "2017-02-10T08:19:34.759Z"}, "model": "bay.logging", "pk": 166}, {"fields": {"status": "PR", "tool": 26, "project": 4, "created_on": "2017-02-10T08:19:42.999Z", "user": 62, "updated_on": "2017-02-10T08:19:42.999Z"}, "model": "bay.logging", "pk": 167}, {"fields": {"status": "IN", "tool": 26, "project": 4, "created_on": "2017-02-10T08:19:45.102Z", "user": 62, "updated_on": "2017-02-10T08:19:45.102Z"}, "model": "bay.logging", "pk": 168}, {"fields": {"status": "PR", "tool": 26, "project": 4, "created_on": "2017-02-10T08:19:48.698Z", "user": 62, "updated_on": "2017-02-10T08:19:48.698Z"}, "model": "bay.logging", "pk": 169}, {"fields": {"status": "IN", "tool": 26, "project": 4, "created_on": "2017-02-10T08:19:52.247Z", "user": 62, "updated_on": "2017-02-10T08:19:52.247Z"}, "model": "bay.logging", "pk": 170}, {"fields": {"status": "IN", "tool": 18, "project": 4, "created_on": "2017-02-10T08:20:03.881Z", "user": 62, "updated_on": "2017-02-10T08:20:03.881Z"}, "model": "bay.logging", "pk": 171}, {"fields": {"status": "PR", "tool": 18, "project": 4, "created_on": "2017-02-10T08:20:07.520Z", "user": 62, "updated_on": "2017-02-10T08:20:07.520Z"}, "model": "bay.logging", "pk": 172}, {"fields": {"status": "PR", "tool": 45, "project": 4, "created_on": "2017-02-10T08:48:38.499Z", "user": 62, "updated_on": "2017-02-10T08:48:38.499Z"}, "model": "bay.logging", "pk": 173}, {"fields": {"status": "IN", "tool": 45, "project": 4, "created_on": "2017-02-10T08:48:41.826Z", "user": 62, "updated_on": "2017-02-10T08:48:41.826Z"}, "model": "bay.logging", "pk": 174}, {"fields": {"status": "PR", "tool": 46, "project": 4, "created_on": "2017-02-10T08:58:13.546Z", "user": 62, "updated_on": "2017-02-10T08:58:13.546Z"}, "model": "bay.logging", "pk": 175}, {"fields": {"status": "IN", "tool": 46, "project": 4, "created_on": "2017-02-10T08:58:15.920Z", "user": 62, "updated_on": "2017-02-10T08:58:15.920Z"}, "model": "bay.logging", "pk": 176}, {"fields": {"status": "IN", "tool": 43, "project": 4, "created_on": "2017-02-10T08:58:28.099Z", "user": 62, "updated_on": "2017-02-10T08:58:28.099Z"}, "model": "bay.logging", "pk": 177}, {"fields": {"status": "PR", "tool": 43, "project": 4, "created_on": "2017-02-10T08:58:32.502Z", "user": 62, "updated_on": "2017-02-10T08:58:32.502Z"}, "model": "bay.logging", "pk": 178}, {"fields": {"status": "PR", "tool": 44, "project": 4, "created_on": "2017-02-10T08:58:41.835Z", "user": 62, "updated_on": "2017-02-10T08:58:41.835Z"}, "model": "bay.logging", "pk": 179}, {"fields": {"status": "ID", "tool": 44, "project": 4, "created_on": "2017-02-10T08:58:46.544Z", "user": 62, "updated_on": "2017-02-10T08:58:46.544Z"}, "model": "bay.logging", "pk": 180}, {"fields": {"status": "IN", "tool": 26, "project": 4, "created_on": "2017-02-10T10:48:46.919Z", "user": 7, "updated_on": "2017-02-10T10:48:46.919Z"}, "model": "bay.logging", "pk": 182}, {"fields": {"status": "ID", "tool": 26, "project": 4, "created_on": "2017-02-10T10:49:17.808Z", "user": 7, "updated_on": "2017-02-10T10:49:17.808Z"}, "model": "bay.logging", "pk": 183}, {"fields": {"status": "PR", "tool": 66, "project": 4, "created_on": "2017-02-10T11:21:06.493Z", "user": 57, "updated_on": "2017-02-10T11:21:06.493Z"}, "model": "bay.logging", "pk": 184}, {"fields": {"status": "IN", "tool": 66, "project": 4, "created_on": "2017-02-10T11:21:56.455Z", "user": 57, "updated_on": "2017-02-10T11:21:56.455Z"}, "model": "bay.logging", "pk": 185}, {"fields": {"status": "PR", "tool": 66, "project": 4, "created_on": "2017-02-10T11:22:06.347Z", "user": 57, "updated_on": "2017-02-10T11:22:06.347Z"}, "model": "bay.logging", "pk": 186}, {"fields": {"status": "IN", "tool": 66, "project": 4, "created_on": "2017-02-10T11:22:18.055Z", "user": 57, "updated_on": "2017-02-10T11:22:18.055Z"}, "model": "bay.logging", "pk": 187}, {"fields": {"status": "PR", "tool": 66, "project": 4, "created_on": "2017-02-10T11:22:26.440Z", "user": 57, "updated_on": "2017-02-10T11:22:26.440Z"}, "model": "bay.logging", "pk": 188}, {"fields": {"status": "ID", "tool": 27, "project": 4, "created_on": "2017-02-10T11:51:22.916Z", "user": 58, "updated_on": "2017-02-10T11:51:22.916Z"}, "model": "bay.logging", "pk": 189}, {"fields": {"status": "PR", "tool": 46, "project": 4, "created_on": "2017-02-13T08:40:20.849Z", "user": 31, "updated_on": "2017-02-13T08:40:20.850Z"}, "model": "bay.logging", "pk": 190}, {"fields": {"status": "IN", "tool": 46, "project": 4, "created_on": "2017-02-13T08:40:24.906Z", "user": 31, "updated_on": "2017-02-13T08:40:24.906Z"}, "model": "bay.logging", "pk": 191}, {"fields": {"status": "IN", "tool": 46, "project": 4, "created_on": "2017-02-13T08:56:23.486Z", "user": 41, "updated_on": "2017-02-13T08:56:23.486Z"}, "model": "bay.logging", "pk": 192}, {"fields": {"status": "IN", "tool": 44, "project": 4, "created_on": "2017-02-13T08:58:32.979Z", "user": 63, "updated_on": "2017-02-13T08:58:32.979Z"}, "model": "bay.logging", "pk": 193}, {"fields": {"status": "ID", "tool": 30, "project": 4, "created_on": "2017-02-13T09:28:58.595Z", "user": 31, "updated_on": "2017-02-13T09:28:58.595Z"}, "model": "bay.logging", "pk": 194}, {"fields": {"status": "PR", "tool": 18, "project": 4, "created_on": "2017-02-13T10:30:35.778Z", "user": 58, "updated_on": "2017-02-13T10:30:35.778Z"}, "model": "bay.logging", "pk": 195}, {"fields": {"status": "PR", "tool": 26, "project": 4, "created_on": "2017-02-13T10:30:51.104Z", "user": 58, "updated_on": "2017-02-13T10:30:51.104Z"}, "model": "bay.logging", "pk": 196}, {"fields": {"status": "ID", "tool": 18, "project": 4, "created_on": "2017-02-13T11:42:14.499Z", "user": 58, "updated_on": "2017-02-13T11:42:14.500Z"}, "model": "bay.logging", "pk": 197}, {"fields": {"status": "ID", "tool": 26, "project": 4, "created_on": "2017-02-13T11:42:22.131Z", "user": 58, "updated_on": "2017-02-13T11:42:22.131Z"}, "model": "bay.logging", "pk": 198}, {"fields": {"status": "IN", "tool": 26, "project": 4, "created_on": "2017-02-13T11:44:00.561Z", "user": 58, "updated_on": "2017-02-13T11:44:00.562Z"}, "model": "bay.logging", "pk": 199}, {"fields": {"status": "ID", "tool": 26, "project": 4, "created_on": "2017-02-13T11:44:12.391Z", "user": 58, "updated_on": "2017-02-13T11:44:12.391Z"}, "model": "bay.logging", "pk": 200}, {"fields": {"status": "ID", "tool": 26, "project": 4, "created_on": "2017-02-13T11:44:26.375Z", "user": 58, "updated_on": "2017-02-13T11:44:26.375Z"}, "model": "bay.logging", "pk": 201}, {"fields": {"status": "ID", "tool": 26, "project": 4, "created_on": "2017-02-13T11:44:54.660Z", "user": 58, "updated_on": "2017-02-13T11:44:54.660Z"}, "model": "bay.logging", "pk": 202}, {"fields": {"status": "ID", "tool": 26, "project": 4, "created_on": "2017-02-13T11:45:38.733Z", "user": 58, "updated_on": "2017-02-13T11:45:38.733Z"}, "model": "bay.logging", "pk": 203}, {"fields": {"status": "ID", "tool": 26, "project": 4, "created_on": "2017-02-13T11:45:50.257Z", "user": 58, "updated_on": "2017-02-13T11:45:50.257Z"}, "model": "bay.logging", "pk": 204}, {"fields": {"status": "PR", "tool": 26, "project": 4, "created_on": "2017-02-13T11:46:02.436Z", "user": 58, "updated_on": "2017-02-13T11:46:02.436Z"}, "model": "bay.logging", "pk": 205}, {"fields": {"status": "ID", "tool": 26, "project": 4, "created_on": "2017-02-13T11:46:24.334Z", "user": 58, "updated_on": "2017-02-13T11:46:24.334Z"}, "model": "bay.logging", "pk": 206}, {"fields": {"status": "IN", "tool": 43, "project": 4, "created_on": "2017-02-13T11:58:40.721Z", "user": 26, "updated_on": "2017-02-13T11:58:40.721Z"}, "model": "bay.logging", "pk": 207}, {"fields": {"status": "ID", "tool": 43, "project": 4, "created_on": "2017-02-13T11:58:52.523Z", "user": 26, "updated_on": "2017-02-13T11:58:52.523Z"}, "model": "bay.logging", "pk": 208}, {"fields": {"status": "PR", "tool": 43, "project": 4, "created_on": "2017-02-13T11:59:02.225Z", "user": 26, "updated_on": "2017-02-13T11:59:02.225Z"}, "model": "bay.logging", "pk": 209}, {"fields": {"status": "ID", "tool": 43, "project": 4, "created_on": "2017-02-13T11:59:05.730Z", "user": 26, "updated_on": "2017-02-13T11:59:05.730Z"}, "model": "bay.logging", "pk": 210}, {"fields": {"status": "PR", "tool": 43, "project": 4, "created_on": "2017-02-13T11:59:08.274Z", "user": 26, "updated_on": "2017-02-13T11:59:08.274Z"}, "model": "bay.logging", "pk": 211}, {"fields": {"status": "IN", "tool": 44, "project": 4, "created_on": "2017-02-13T12:56:46.713Z", "user": 21, "updated_on": "2017-02-13T12:56:46.713Z"}, "model": "bay.logging", "pk": 212}, {"fields": {"status": "PR", "tool": 61, "project": 4, "created_on": "2017-02-14T06:08:17.397Z", "user": 20, "updated_on": "2017-02-14T06:08:17.397Z"}, "model": "bay.logging", "pk": 213}, {"fields": {"status": "ID", "tool": 61, "project": 4, "created_on": "2017-02-14T06:11:49.890Z", "user": 20, "updated_on": "2017-02-14T06:11:49.890Z"}, "model": "bay.logging", "pk": 214}, {"fields": {"status": "ID", "tool": 67, "project": 4, "created_on": "2017-02-14T08:32:00.055Z", "user": 51, "updated_on": "2017-02-14T08:32:00.055Z"}, "model": "bay.logging", "pk": 215}, {"fields": {"status": "IN", "tool": 46, "project": 4, "created_on": "2017-02-14T09:06:24.729Z", "user": 16, "updated_on": "2017-02-14T09:06:24.729Z"}, "model": "bay.logging", "pk": 216}, {"fields": {"status": "ID", "tool": 43, "project": 4, "created_on": "2017-02-14T09:53:24.775Z", "user": 30, "updated_on": "2017-02-14T09:53:24.775Z"}, "model": "bay.logging", "pk": 217}, {"fields": {"status": "PR", "tool": 43, "project": 4, "created_on": "2017-02-14T09:53:42.437Z", "user": 30, "updated_on": "2017-02-14T09:53:42.437Z"}, "model": "bay.logging", "pk": 218}, {"fields": {"status": "IN", "tool": 43, "project": 4, "created_on": "2017-02-14T09:53:47.703Z", "user": 30, "updated_on": "2017-02-14T09:53:47.703Z"}, "model": "bay.logging", "pk": 219}, {"fields": {"status": "PR", "tool": 43, "project": 4, "created_on": "2017-02-14T09:53:59.100Z", "user": 30, "updated_on": "2017-02-14T09:53:59.100Z"}, "model": "bay.logging", "pk": 220}, {"fields": {"status": "MA", "tool": 16, "project": 4, "created_on": "2017-02-15T07:35:34.532Z", "user": 62, "updated_on": "2017-02-15T07:35:34.532Z"}, "model": "bay.logging", "pk": 221}, {"fields": {"status": "PR", "tool": 16, "project": 4, "created_on": "2017-02-15T07:36:23.744Z", "user": 62, "updated_on": "2017-02-15T07:36:23.744Z"}, "model": "bay.logging", "pk": 222}, {"fields": {"status": "MA", "tool": 16, "project": 4, "created_on": "2017-02-15T08:34:31.173Z", "user": 62, "updated_on": "2017-02-15T08:34:31.173Z"}, "model": "bay.logging", "pk": 223}, {"fields": {"status": "PR", "tool": 16, "project": 4, "created_on": "2017-02-15T08:34:37.870Z", "user": 62, "updated_on": "2017-02-15T08:34:37.870Z"}, "model": "bay.logging", "pk": 224}, {"fields": {"status": "MA", "tool": 15, "project": 4, "created_on": "2017-02-15T08:35:02.072Z", "user": 62, "updated_on": "2017-02-15T08:35:02.072Z"}, "model": "bay.logging", "pk": 225}, {"fields": {"status": "ID", "tool": 15, "project": 4, "created_on": "2017-02-15T08:35:07.680Z", "user": 62, "updated_on": "2017-02-15T08:35:07.680Z"}, "model": "bay.logging", "pk": 226}, {"fields": {"status": "IN", "tool": 46, "project": 4, "created_on": "2017-02-15T09:27:47.471Z", "user": 31, "updated_on": "2017-02-15T09:27:47.471Z"}, "model": "bay.logging", "pk": 227}, {"fields": {"status": "MA", "tool": 65, "project": 4, "created_on": "2017-02-15T09:39:31.802Z", "user": 62, "updated_on": "2017-02-15T09:39:31.802Z"}, "model": "bay.logging", "pk": 228}, {"fields": {"status": "ID", "tool": 65, "project": 4, "created_on": "2017-02-15T09:39:37.645Z", "user": 62, "updated_on": "2017-02-15T09:39:37.645Z"}, "model": "bay.logging", "pk": 229}, {"fields": {"status": "ID", "tool": 65, "project": 4, "created_on": "2017-02-15T09:40:02.154Z", "user": 62, "updated_on": "2017-02-15T09:40:02.154Z"}, "model": "bay.logging", "pk": 230}, {"fields": {"status": "PR", "tool": 59, "project": 4, "created_on": "2017-02-15T11:13:31.461Z", "user": 56, "updated_on": "2017-02-15T11:13:31.461Z"}, "model": "bay.logging", "pk": 231}, {"fields": {"status": "PR", "tool": 60, "project": 4, "created_on": "2017-02-15T11:13:52.952Z", "user": 56, "updated_on": "2017-02-15T11:13:52.952Z"}, "model": "bay.logging", "pk": 232}, {"fields": {"status": "ID", "tool": 28, "project": 4, "created_on": "2017-02-15T11:14:29.725Z", "user": 63, "updated_on": "2017-02-15T11:14:29.725Z"}, "model": "bay.logging", "pk": 233}, {"fields": {"status": "PR", "tool": 28, "project": 4, "created_on": "2017-02-15T11:14:38.581Z", "user": 63, "updated_on": "2017-02-15T11:14:38.581Z"}, "model": "bay.logging", "pk": 234}, {"fields": {"status": "PR", "tool": 18, "project": 4, "created_on": "2017-02-15T11:17:33.324Z", "user": 63, "updated_on": "2017-02-15T11:17:33.324Z"}, "model": "bay.logging", "pk": 235}, {"fields": {"status": "MA", "tool": 15, "project": 4, "created_on": "2017-02-15T11:54:33.804Z", "user": 62, "updated_on": "2017-02-15T11:54:33.804Z"}, "model": "bay.logging", "pk": 236}, {"fields": {"status": "ID", "tool": 15, "project": 4, "created_on": "2017-02-15T11:54:57.896Z", "user": 62, "updated_on": "2017-02-15T11:54:57.896Z"}, "model": "bay.logging", "pk": 237}, {"fields": {"status": "MA", "tool": 15, "project": 4, "created_on": "2017-02-15T11:56:00.934Z", "user": 62, "updated_on": "2017-02-15T11:56:00.934Z"}, "model": "bay.logging", "pk": 238}, {"fields": {"status": "ID", "tool": 15, "project": 4, "created_on": "2017-02-15T11:56:08.334Z", "user": 62, "updated_on": "2017-02-15T11:56:08.334Z"}, "model": "bay.logging", "pk": 239}, {"fields": {"status": "MA", "tool": 7, "project": 4, "created_on": "2017-02-15T12:12:20.739Z", "user": 62, "updated_on": "2017-02-15T12:12:20.739Z"}, "model": "bay.logging", "pk": 240}, {"fields": {"status": "ID", "tool": 7, "project": 4, "created_on": "2017-02-15T12:12:32.617Z", "user": 62, "updated_on": "2017-02-15T12:12:32.617Z"}, "model": "bay.logging", "pk": 241}, {"fields": {"status": "MA", "tool": 15, "project": 4, "created_on": "2017-02-15T12:14:48.111Z", "user": 62, "updated_on": "2017-02-15T12:14:48.111Z"}, "model": "bay.logging", "pk": 242}, {"fields": {"status": "ID", "tool": 15, "project": 4, "created_on": "2017-02-15T12:14:56.236Z", "user": 62, "updated_on": "2017-02-15T12:14:56.236Z"}, "model": "bay.logging", "pk": 243}, {"fields": {"status": "ID", "tool": 60, "project": 4, "created_on": "2017-02-15T12:26:26.721Z", "user": 15, "updated_on": "2017-02-15T12:26:26.721Z"}, "model": "bay.logging", "pk": 244}, {"fields": {"status": "ID", "tool": 59, "project": 4, "created_on": "2017-02-15T12:26:42.120Z", "user": 15, "updated_on": "2017-02-15T12:26:42.120Z"}, "model": "bay.logging", "pk": 245}, {"fields": {"status": "PR", "tool": 60, "project": 4, "created_on": "2017-02-15T12:27:04.161Z", "user": 19, "updated_on": "2017-02-15T12:27:04.161Z"}, "model": "bay.logging", "pk": 246}, {"fields": {"status": "ID", "tool": 60, "project": 4, "created_on": "2017-02-15T12:27:19.191Z", "user": 19, "updated_on": "2017-02-15T12:27:19.191Z"}, "model": "bay.logging", "pk": 247}, {"fields": {"status": "MA", "tool": 7, "project": 4, "created_on": "2017-02-15T13:08:19.121Z", "user": 62, "updated_on": "2017-02-15T13:08:19.121Z"}, "model": "bay.logging", "pk": 248}, {"fields": {"status": "ID", "tool": 7, "project": 4, "created_on": "2017-02-15T13:08:29.147Z", "user": 62, "updated_on": "2017-02-15T13:08:29.147Z"}, "model": "bay.logging", "pk": 249}, {"fields": {"status": "MA", "tool": 7, "project": 4, "created_on": "2017-02-15T13:17:35.369Z", "user": 62, "updated_on": "2017-02-15T13:17:35.369Z"}, "model": "bay.logging", "pk": 250}, {"fields": {"status": "ID", "tool": 7, "project": 4, "created_on": "2017-02-15T13:17:40.902Z", "user": 62, "updated_on": "2017-02-15T13:17:40.902Z"}, "model": "bay.logging", "pk": 251}, {"fields": {"status": "MA", "tool": 30, "project": 4, "created_on": "2017-02-15T13:22:00.318Z", "user": 62, "updated_on": "2017-02-15T13:22:00.318Z"}, "model": "bay.logging", "pk": 252}, {"fields": {"status": "ID", "tool": 30, "project": 4, "created_on": "2017-02-15T13:22:13.037Z", "user": 62, "updated_on": "2017-02-15T13:22:13.037Z"}, "model": "bay.logging", "pk": 253}, {"fields": {"status": "MA", "tool": 28, "project": 4, "created_on": "2017-02-15T13:22:24.561Z", "user": 62, "updated_on": "2017-02-15T13:22:24.561Z"}, "model": "bay.logging", "pk": 254}, {"fields": {"status": "PR", "tool": 28, "project": 4, "created_on": "2017-02-15T13:22:30.238Z", "user": 62, "updated_on": "2017-02-15T13:22:30.238Z"}, "model": "bay.logging", "pk": 255}, {"fields": {"status": "MA", "tool": 29, "project": 4, "created_on": "2017-02-15T13:22:36.250Z", "user": 62, "updated_on": "2017-02-15T13:22:36.250Z"}, "model": "bay.logging", "pk": 256}, {"fields": {"status": "IN", "tool": 29, "project": 4, "created_on": "2017-02-15T13:22:44.511Z", "user": 62, "updated_on": "2017-02-15T13:22:44.511Z"}, "model": "bay.logging", "pk": 257}, {"fields": {"status": "MA", "tool": 31, "project": 4, "created_on": "2017-02-15T13:22:53.736Z", "user": 62, "updated_on": "2017-02-15T13:22:53.736Z"}, "model": "bay.logging", "pk": 258}, {"fields": {"status": "ID", "tool": 31, "project": 4, "created_on": "2017-02-15T13:23:00.988Z", "user": 62, "updated_on": "2017-02-15T13:23:00.988Z"}, "model": "bay.logging", "pk": 259}, {"fields": {"status": "MA", "tool": 29, "project": 4, "created_on": "2017-02-15T13:27:25.122Z", "user": 62, "updated_on": "2017-02-15T13:27:25.122Z"}, "model": "bay.logging", "pk": 260}, {"fields": {"status": "IN", "tool": 29, "project": 4, "created_on": "2017-02-15T13:27:32.633Z", "user": 62, "updated_on": "2017-02-15T13:27:32.633Z"}, "model": "bay.logging", "pk": 261}, {"fields": {"status": "MA", "tool": 59, "project": 4, "created_on": "2017-02-15T13:31:47.550Z", "user": 62, "updated_on": "2017-02-15T13:31:47.550Z"}, "model": "bay.logging", "pk": 262}, {"fields": {"status": "ID", "tool": 59, "project": 4, "created_on": "2017-02-15T13:31:53.096Z", "user": 62, "updated_on": "2017-02-15T13:31:53.096Z"}, "model": "bay.logging", "pk": 263}, {"fields": {"status": "MA", "tool": 61, "project": 4, "created_on": "2017-02-15T13:32:25.228Z", "user": 62, "updated_on": "2017-02-15T13:32:25.228Z"}, "model": "bay.logging", "pk": 264}, {"fields": {"status": "ID", "tool": 61, "project": 4, "created_on": "2017-02-15T13:32:29.866Z", "user": 62, "updated_on": "2017-02-15T13:32:29.866Z"}, "model": "bay.logging", "pk": 265}, {"fields": {"status": "MA", "tool": 60, "project": 4, "created_on": "2017-02-15T13:32:56.280Z", "user": 62, "updated_on": "2017-02-15T13:32:56.280Z"}, "model": "bay.logging", "pk": 266}, {"fields": {"status": "ID", "tool": 60, "project": 4, "created_on": "2017-02-15T13:33:04.945Z", "user": 62, "updated_on": "2017-02-15T13:33:04.945Z"}, "model": "bay.logging", "pk": 267}, {"fields": {"status": "MA", "tool": 62, "project": 4, "created_on": "2017-02-15T13:33:12.729Z", "user": 62, "updated_on": "2017-02-15T13:33:12.730Z"}, "model": "bay.logging", "pk": 268}, {"fields": {"status": "IN", "tool": 62, "project": 4, "created_on": "2017-02-15T13:33:19.320Z", "user": 62, "updated_on": "2017-02-15T13:33:19.320Z"}, "model": "bay.logging", "pk": 269}, {"fields": {"status": "MA", "tool": 62, "project": 4, "created_on": "2017-02-15T13:33:24.113Z", "user": 62, "updated_on": "2017-02-15T13:33:24.113Z"}, "model": "bay.logging", "pk": 270}, {"fields": {"status": "IN", "tool": 62, "project": 4, "created_on": "2017-02-15T13:33:29.402Z", "user": 62, "updated_on": "2017-02-15T13:33:29.402Z"}, "model": "bay.logging", "pk": 271}, {"fields": {"status": "MA", "tool": 53, "project": 4, "created_on": "2017-02-15T13:41:08.077Z", "user": 62, "updated_on": "2017-02-15T13:41:08.077Z"}, "model": "bay.logging", "pk": 272}, {"fields": {"status": "PR", "tool": 53, "project": 4, "created_on": "2017-02-15T13:41:14.371Z", "user": 62, "updated_on": "2017-02-15T13:41:14.371Z"}, "model": "bay.logging", "pk": 273}, {"fields": {"status": "MA", "tool": 55, "project": 4, "created_on": "2017-02-15T13:41:37.114Z", "user": 62, "updated_on": "2017-02-15T13:41:37.114Z"}, "model": "bay.logging", "pk": 274}, {"fields": {"status": "PR", "tool": 55, "project": 4, "created_on": "2017-02-15T13:41:45.791Z", "user": 62, "updated_on": "2017-02-15T13:41:45.791Z"}, "model": "bay.logging", "pk": 275}, {"fields": {"status": "MA", "tool": 58, "project": 4, "created_on": "2017-02-15T13:41:53.183Z", "user": 62, "updated_on": "2017-02-15T13:41:53.183Z"}, "model": "bay.logging", "pk": 276}, {"fields": {"status": "PR", "tool": 58, "project": 4, "created_on": "2017-02-15T13:41:58.815Z", "user": 62, "updated_on": "2017-02-15T13:41:58.815Z"}, "model": "bay.logging", "pk": 277}, {"fields": {"status": "MA", "tool": 66, "project": 4, "created_on": "2017-02-15T13:42:04.781Z", "user": 62, "updated_on": "2017-02-15T13:42:04.781Z"}, "model": "bay.logging", "pk": 278}, {"fields": {"status": "PR", "tool": 66, "project": 4, "created_on": "2017-02-15T13:42:08.827Z", "user": 62, "updated_on": "2017-02-15T13:42:08.827Z"}, "model": "bay.logging", "pk": 279}, {"fields": {"status": "MA", "tool": 54, "project": 4, "created_on": "2017-02-15T13:42:13.069Z", "user": 62, "updated_on": "2017-02-15T13:42:13.069Z"}, "model": "bay.logging", "pk": 280}, {"fields": {"status": "PR", "tool": 54, "project": 4, "created_on": "2017-02-15T13:42:17.274Z", "user": 62, "updated_on": "2017-02-15T13:42:17.274Z"}, "model": "bay.logging", "pk": 281}, {"fields": {"status": "IN", "tool": 52, "project": 4, "created_on": "2017-02-15T13:49:14.992Z", "user": 62, "updated_on": "2017-02-15T13:49:14.992Z"}, "model": "bay.logging", "pk": 282}, {"fields": {"status": "PR", "tool": 52, "project": 4, "created_on": "2017-02-15T13:49:18.822Z", "user": 62, "updated_on": "2017-02-15T13:49:18.822Z"}, "model": "bay.logging", "pk": 283}, {"fields": {"status": "IN", "tool": 49, "project": 4, "created_on": "2017-02-15T13:49:25.153Z", "user": 62, "updated_on": "2017-02-15T13:49:25.153Z"}, "model": "bay.logging", "pk": 284}, {"fields": {"status": "ID", "tool": 49, "project": 4, "created_on": "2017-02-15T13:49:29.564Z", "user": 62, "updated_on": "2017-02-15T13:49:29.564Z"}, "model": "bay.logging", "pk": 285}, {"fields": {"status": "IN", "tool": 49, "project": 4, "created_on": "2017-02-15T13:49:34.434Z", "user": 62, "updated_on": "2017-02-15T13:49:34.434Z"}, "model": "bay.logging", "pk": 286}, {"fields": {"status": "ID", "tool": 49, "project": 4, "created_on": "2017-02-15T13:49:38.077Z", "user": 62, "updated_on": "2017-02-15T13:49:38.077Z"}, "model": "bay.logging", "pk": 287}, {"fields": {"status": "IN", "tool": 48, "project": 4, "created_on": "2017-02-15T13:49:49.886Z", "user": 62, "updated_on": "2017-02-15T13:49:49.886Z"}, "model": "bay.logging", "pk": 288}, {"fields": {"status": "PR", "tool": 48, "project": 4, "created_on": "2017-02-15T13:49:52.264Z", "user": 62, "updated_on": "2017-02-15T13:49:52.264Z"}, "model": "bay.logging", "pk": 289}, {"fields": {"status": "MA", "tool": 49, "project": 4, "created_on": "2017-02-15T13:51:46.879Z", "user": 62, "updated_on": "2017-02-15T13:51:46.879Z"}, "model": "bay.logging", "pk": 290}, {"fields": {"status": "ID", "tool": 49, "project": 4, "created_on": "2017-02-15T13:51:58.070Z", "user": 62, "updated_on": "2017-02-15T13:51:58.070Z"}, "model": "bay.logging", "pk": 291}, {"fields": {"status": "IN", "tool": 26, "project": 4, "created_on": "2017-02-15T13:54:41.941Z", "user": 62, "updated_on": "2017-02-15T13:54:41.941Z"}, "model": "bay.logging", "pk": 292}, {"fields": {"status": "ID", "tool": 26, "project": 4, "created_on": "2017-02-15T13:54:46.654Z", "user": 62, "updated_on": "2017-02-15T13:54:46.654Z"}, "model": "bay.logging", "pk": 293}, {"fields": {"status": "IN", "tool": 27, "project": 4, "created_on": "2017-02-15T13:54:55.489Z", "user": 62, "updated_on": "2017-02-15T13:54:55.489Z"}, "model": "bay.logging", "pk": 294}, {"fields": {"status": "ID", "tool": 27, "project": 4, "created_on": "2017-02-15T13:55:00.073Z", "user": 62, "updated_on": "2017-02-15T13:55:00.073Z"}, "model": "bay.logging", "pk": 295}, {"fields": {"status": "IN", "tool": 38, "project": 4, "created_on": "2017-02-15T13:55:08.536Z", "user": 62, "updated_on": "2017-02-15T13:55:08.536Z"}, "model": "bay.logging", "pk": 296}, {"fields": {"status": "PR", "tool": 38, "project": 4, "created_on": "2017-02-15T13:55:10.898Z", "user": 62, "updated_on": "2017-02-15T13:55:10.898Z"}, "model": "bay.logging", "pk": 297}, {"fields": {"status": "MA", "tool": 27, "project": 4, "created_on": "2017-02-15T13:59:57.780Z", "user": 62, "updated_on": "2017-02-15T13:59:57.780Z"}, "model": "bay.logging", "pk": 298}, {"fields": {"status": "ID", "tool": 27, "project": 4, "created_on": "2017-02-15T14:00:02.852Z", "user": 62, "updated_on": "2017-02-15T14:00:02.852Z"}, "model": "bay.logging", "pk": 299}, {"fields": {"status": "MA", "tool": 27, "project": 4, "created_on": "2017-02-15T14:00:55.351Z", "user": 62, "updated_on": "2017-02-15T14:00:55.351Z"}, "model": "bay.logging", "pk": 300}, {"fields": {"status": "ID", "tool": 27, "project": 4, "created_on": "2017-02-15T14:01:01.960Z", "user": 62, "updated_on": "2017-02-15T14:01:01.960Z"}, "model": "bay.logging", "pk": 301}, {"fields": {"status": "MA", "tool": 27, "project": 4, "created_on": "2017-02-15T14:10:27.858Z", "user": 62, "updated_on": "2017-02-15T14:10:27.858Z"}, "model": "bay.logging", "pk": 302}, {"fields": {"status": "ID", "tool": 27, "project": 4, "created_on": "2017-02-15T14:10:34.142Z", "user": 62, "updated_on": "2017-02-15T14:10:34.142Z"}, "model": "bay.logging", "pk": 303}, {"fields": {"status": "PR", "tool": 45, "project": 4, "created_on": "2017-02-15T14:14:14.072Z", "user": 62, "updated_on": "2017-02-15T14:14:14.072Z"}, "model": "bay.logging", "pk": 304}, {"fields": {"status": "IN", "tool": 45, "project": 4, "created_on": "2017-02-15T14:14:18.063Z", "user": 62, "updated_on": "2017-02-15T14:14:18.063Z"}, "model": "bay.logging", "pk": 305}, {"fields": {"status": "PR", "tool": 45, "project": 4, "created_on": "2017-02-15T14:14:23.753Z", "user": 62, "updated_on": "2017-02-15T14:14:23.753Z"}, "model": "bay.logging", "pk": 306}, {"fields": {"status": "IN", "tool": 45, "project": 4, "created_on": "2017-02-15T14:14:27.242Z", "user": 62, "updated_on": "2017-02-15T14:14:27.242Z"}, "model": "bay.logging", "pk": 307}, {"fields": {"status": "ID", "tool": 46, "project": 4, "created_on": "2017-02-15T14:14:50.154Z", "user": 62, "updated_on": "2017-02-15T14:14:50.154Z"}, "model": "bay.logging", "pk": 308}, {"fields": {"status": "IN", "tool": 46, "project": 4, "created_on": "2017-02-15T14:14:53.160Z", "user": 62, "updated_on": "2017-02-15T14:14:53.160Z"}, "model": "bay.logging", "pk": 309}, {"fields": {"status": "PR", "tool": 44, "project": 4, "created_on": "2017-02-15T14:15:03.815Z", "user": 62, "updated_on": "2017-02-15T14:15:03.815Z"}, "model": "bay.logging", "pk": 310}, {"fields": {"status": "MA", "tool": 45, "project": 4, "created_on": "2017-02-15T14:16:52.278Z", "user": 62, "updated_on": "2017-02-15T14:16:52.278Z"}, "model": "bay.logging", "pk": 311}, {"fields": {"status": "IN", "tool": 45, "project": 4, "created_on": "2017-02-15T14:16:54.887Z", "user": 62, "updated_on": "2017-02-15T14:16:54.887Z"}, "model": "bay.logging", "pk": 312}, {"fields": {"status": "MA", "tool": 67, "project": 4, "created_on": "2017-02-15T14:16:59.191Z", "user": 62, "updated_on": "2017-02-15T14:16:59.191Z"}, "model": "bay.logging", "pk": 313}, {"fields": {"status": "ID", "tool": 67, "project": 4, "created_on": "2017-02-15T14:17:03.116Z", "user": 62, "updated_on": "2017-02-15T14:17:03.116Z"}, "model": "bay.logging", "pk": 314}, {"fields": {"status": "MA", "tool": 45, "project": 4, "created_on": "2017-02-15T14:20:40.136Z", "user": 62, "updated_on": "2017-02-15T14:20:40.136Z"}, "model": "bay.logging", "pk": 315}, {"fields": {"status": "IN", "tool": 45, "project": 4, "created_on": "2017-02-15T14:20:45.384Z", "user": 62, "updated_on": "2017-02-15T14:20:45.384Z"}, "model": "bay.logging", "pk": 316}, {"fields": {"status": "MA", "tool": 7, "project": 4, "created_on": "2017-02-15T14:22:28.701Z", "user": 62, "updated_on": "2017-02-15T14:22:28.701Z"}, "model": "bay.logging", "pk": 317}, {"fields": {"status": "ID", "tool": 7, "project": 4, "created_on": "2017-02-15T14:22:45.723Z", "user": 62, "updated_on": "2017-02-15T14:22:45.723Z"}, "model": "bay.logging", "pk": 318}, {"fields": {"status": "MA", "tool": 30, "project": 4, "created_on": "2017-02-15T14:25:15.043Z", "user": 62, "updated_on": "2017-02-15T14:25:15.043Z"}, "model": "bay.logging", "pk": 319}, {"fields": {"status": "ID", "tool": 30, "project": 4, "created_on": "2017-02-15T14:26:00.911Z", "user": 62, "updated_on": "2017-02-15T14:26:00.911Z"}, "model": "bay.logging", "pk": 320}, {"fields": {"status": "MA", "tool": 30, "project": 4, "created_on": "2017-02-15T14:26:21.495Z", "user": 62, "updated_on": "2017-02-15T14:26:21.495Z"}, "model": "bay.logging", "pk": 321}, {"fields": {"status": "ID", "tool": 30, "project": 4, "created_on": "2017-02-15T14:27:28.466Z", "user": 62, "updated_on": "2017-02-15T14:27:28.466Z"}, "model": "bay.logging", "pk": 322}, {"fields": {"status": "MA", "tool": 61, "project": 4, "created_on": "2017-02-15T14:30:59.382Z", "user": 62, "updated_on": "2017-02-15T14:30:59.382Z"}, "model": "bay.logging", "pk": 323}, {"fields": {"status": "ID", "tool": 61, "project": 4, "created_on": "2017-02-15T14:31:05.737Z", "user": 62, "updated_on": "2017-02-15T14:31:05.737Z"}, "model": "bay.logging", "pk": 324}, {"fields": {"status": "MA", "tool": 66, "project": 4, "created_on": "2017-02-15T14:31:47.508Z", "user": 62, "updated_on": "2017-02-15T14:31:47.508Z"}, "model": "bay.logging", "pk": 325}, {"fields": {"status": "ID", "tool": 66, "project": 4, "created_on": "2017-02-15T14:31:50.878Z", "user": 62, "updated_on": "2017-02-15T14:31:50.878Z"}, "model": "bay.logging", "pk": 326}, {"fields": {"status": "PR", "tool": 66, "project": 4, "created_on": "2017-02-15T14:31:54.864Z", "user": 62, "updated_on": "2017-02-15T14:31:54.864Z"}, "model": "bay.logging", "pk": 327}, {"fields": {"status": "MA", "tool": 49, "project": 4, "created_on": "2017-02-15T14:33:23.825Z", "user": 62, "updated_on": "2017-02-15T14:33:23.825Z"}, "model": "bay.logging", "pk": 328}, {"fields": {"status": "ID", "tool": 49, "project": 4, "created_on": "2017-02-15T14:33:32.185Z", "user": 62, "updated_on": "2017-02-15T14:33:32.185Z"}, "model": "bay.logging", "pk": 329}, {"fields": {"status": "MA", "tool": 27, "project": 4, "created_on": "2017-02-15T14:34:08.434Z", "user": 62, "updated_on": "2017-02-15T14:34:08.434Z"}, "model": "bay.logging", "pk": 330}, {"fields": {"status": "ID", "tool": 27, "project": 4, "created_on": "2017-02-15T14:34:17.628Z", "user": 62, "updated_on": "2017-02-15T14:34:17.628Z"}, "model": "bay.logging", "pk": 331}, {"fields": {"status": "MA", "tool": 67, "project": 4, "created_on": "2017-02-15T14:34:41.602Z", "user": 62, "updated_on": "2017-02-15T14:34:41.602Z"}, "model": "bay.logging", "pk": 332}, {"fields": {"status": "ID", "tool": 67, "project": 4, "created_on": "2017-02-15T14:34:49.658Z", "user": 62, "updated_on": "2017-02-15T14:34:49.658Z"}, "model": "bay.logging", "pk": 333}, {"fields": {"status": "ID", "tool": 44, "project": 4, "created_on": "2017-02-15T14:36:23.297Z", "user": 62, "updated_on": "2017-02-15T14:36:23.297Z"}, "model": "bay.logging", "pk": 334}, {"fields": {"status": "IN", "tool": 44, "project": 4, "created_on": "2017-02-15T14:36:26.693Z", "user": 62, "updated_on": "2017-02-15T14:36:26.693Z"}, "model": "bay.logging", "pk": 335}, {"fields": {"status": "PR", "tool": 60, "project": 4, "created_on": "2017-02-16T05:22:17.825Z", "user": 19, "updated_on": "2017-02-16T05:22:17.825Z"}, "model": "bay.logging", "pk": 336}, {"fields": {"status": "ID", "tool": 60, "project": 4, "created_on": "2017-02-16T06:52:00.182Z", "user": 19, "updated_on": "2017-02-16T06:52:00.182Z"}, "model": "bay.logging", "pk": 337}, {"fields": {"status": "PR", "tool": 59, "project": 4, "created_on": "2017-02-16T09:02:43.400Z", "user": 15, "updated_on": "2017-02-16T09:02:43.400Z"}, "model": "bay.logging", "pk": 338}, {"fields": {"status": "IN", "tool": 59, "project": 4, "created_on": "2017-02-16T09:02:56.582Z", "user": 15, "updated_on": "2017-02-16T09:02:56.582Z"}, "model": "bay.logging", "pk": 339}, {"fields": {"status": "PR", "tool": 27, "project": 4, "created_on": "2017-02-16T09:46:24.354Z", "user": 9, "updated_on": "2017-02-16T09:46:24.354Z"}, "model": "bay.logging", "pk": 340}, {"fields": {"status": "PR", "tool": 60, "project": 4, "created_on": "2017-02-16T09:48:03.505Z", "user": 56, "updated_on": "2017-02-16T09:48:03.505Z"}, "model": "bay.logging", "pk": 341}, {"fields": {"status": "ID", "tool": 60, "project": 4, "created_on": "2017-02-16T09:48:48.476Z", "user": 56, "updated_on": "2017-02-16T09:48:48.476Z"}, "model": "bay.logging", "pk": 342}, {"fields": {"status": "MA", "tool": 26, "project": 4, "created_on": "2017-02-16T10:04:35.245Z", "user": 7, "updated_on": "2017-02-16T10:04:35.245Z"}, "model": "bay.logging", "pk": 343}, {"fields": {"status": "IN", "tool": 60, "project": 4, "created_on": "2017-02-16T10:08:13.162Z", "user": 15, "updated_on": "2017-02-16T10:08:13.162Z"}, "model": "bay.logging", "pk": 344}, {"fields": {"status": "ID", "tool": 26, "project": 4, "created_on": "2017-02-16T10:14:54.015Z", "user": 7, "updated_on": "2017-02-16T10:14:54.015Z"}, "model": "bay.logging", "pk": 345}, {"fields": {"status": "PR", "tool": 67, "project": 4, "created_on": "2017-02-17T07:44:58.142Z", "user": 51, "updated_on": "2017-02-17T07:44:58.142Z"}, "model": "bay.logging", "pk": 346}, {"fields": {"status": "IN", "tool": 67, "project": 4, "created_on": "2017-02-17T07:45:04.170Z", "user": 51, "updated_on": "2017-02-17T07:45:04.170Z"}, "model": "bay.logging", "pk": 347}, {"fields": {"status": "PR", "tool": 67, "project": 4, "created_on": "2017-02-17T07:45:48.697Z", "user": 51, "updated_on": "2017-02-17T07:45:48.697Z"}, "model": "bay.logging", "pk": 348}, {"fields": {"status": "IN", "tool": 67, "project": 4, "created_on": "2017-02-17T07:45:52.652Z", "user": 51, "updated_on": "2017-02-17T07:45:52.652Z"}, "model": "bay.logging", "pk": 349}, {"fields": {"status": "IN", "tool": 16, "project": 4, "created_on": "2017-02-17T07:46:42.374Z", "user": 55, "updated_on": "2017-02-17T07:46:42.374Z"}, "model": "bay.logging", "pk": 350}, {"fields": {"status": "PR", "tool": 16, "project": 4, "created_on": "2017-02-17T07:46:55.318Z", "user": 55, "updated_on": "2017-02-17T07:46:55.318Z"}, "model": "bay.logging", "pk": 351}, {"fields": {"status": "PR", "tool": 26, "project": 4, "created_on": "2017-02-17T08:11:24.260Z", "user": 58, "updated_on": "2017-02-17T08:11:24.260Z"}, "model": "bay.logging", "pk": 352}, {"fields": {"status": "PR", "tool": 30, "project": 4, "created_on": "2017-02-21T11:04:51.024Z", "user": 31, "updated_on": "2017-02-21T11:04:51.024Z"}, "model": "bay.logging", "pk": 353}, {"fields": {"status": "MA", "tool": 15, "project": 4, "created_on": "2017-02-23T05:35:26.470Z", "user": 62, "updated_on": "2017-02-23T05:35:26.470Z"}, "model": "bay.logging", "pk": 354}, {"fields": {"status": "ID", "tool": 15, "project": 4, "created_on": "2017-02-23T05:35:34.015Z", "user": 62, "updated_on": "2017-02-23T05:35:34.015Z"}, "model": "bay.logging", "pk": 355}, {"fields": {"status": "PR", "tool": 27, "project": 4, "created_on": "2017-02-23T09:54:53.430Z", "user": 8, "updated_on": "2017-02-23T09:54:53.430Z"}, "model": "bay.logging", "pk": 356}, {"fields": {"status": "PR", "tool": 44, "project": 4, "created_on": "2017-02-23T10:12:16.275Z", "user": 21, "updated_on": "2017-02-23T10:12:16.275Z"}, "model": "bay.logging", "pk": 357}, {"fields": {"status": "PR", "tool": 53, "project": 4, "created_on": "2017-02-27T13:51:27.833Z", "user": 4, "updated_on": "2017-02-27T13:51:27.833Z"}, "model": "bay.logging", "pk": 358}, {"fields": {"status": "IN", "tool": 26, "project": 4, "created_on": "2017-02-28T11:00:14.709Z", "user": 58, "updated_on": "2017-02-28T11:00:14.709Z"}, "model": "bay.logging", "pk": 359}, {"fields": {"status": "PR", "tool": 26, "project": 4, "created_on": "2017-02-28T11:00:25.168Z", "user": 58, "updated_on": "2017-02-28T11:00:25.168Z"}, "model": "bay.logging", "pk": 360}, {"fields": {"status": "ID", "tool": 28, "project": 4, "created_on": "2017-03-02T11:39:59.911Z", "user": 10, "updated_on": "2017-03-02T11:39:59.911Z"}, "model": "bay.logging", "pk": 361}, {"fields": {"status": "PR", "tool": 29, "project": 4, "created_on": "2017-03-06T05:43:48.849Z", "user": 62, "updated_on": "2017-03-06T05:43:48.849Z"}, "model": "bay.logging", "pk": 362}, {"fields": {"status": "IN", "tool": 29, "project": 4, "created_on": "2017-03-06T05:43:51.742Z", "user": 62, "updated_on": "2017-03-06T05:43:51.742Z"}, "model": "bay.logging", "pk": 363}, {"fields": {"status": "IN", "tool": 31, "project": 4, "created_on": "2017-03-06T05:44:12.789Z", "user": 62, "updated_on": "2017-03-06T05:44:12.789Z"}, "model": "bay.logging", "pk": 364}, {"fields": {"status": "ID", "tool": 31, "project": 4, "created_on": "2017-03-06T05:44:21.859Z", "user": 62, "updated_on": "2017-03-06T05:44:21.859Z"}, "model": "bay.logging", "pk": 365}, {"fields": {"status": "PR", "tool": 67, "project": 4, "created_on": "2017-03-06T08:47:24.367Z", "user": 51, "updated_on": "2017-03-06T08:47:24.367Z"}, "model": "bay.logging", "pk": 366}, {"fields": {"status": "PR", "tool": 14, "project": 4, "created_on": "2017-03-06T10:51:19.069Z", "user": 62, "updated_on": "2017-03-06T10:51:19.069Z"}, "model": "bay.logging", "pk": 367}, {"fields": {"status": "ID", "tool": 14, "project": 4, "created_on": "2017-03-06T10:52:22.730Z", "user": 62, "updated_on": "2017-03-06T10:52:22.730Z"}, "model": "bay.logging", "pk": 368}, {"fields": {"status": "ID", "tool": 52, "project": 4, "created_on": "2017-03-06T12:36:18.520Z", "user": 9, "updated_on": "2017-03-06T12:36:18.520Z"}, "model": "bay.logging", "pk": 369}, {"fields": {"status": "IN", "tool": 50, "project": 4, "created_on": "2017-03-06T12:36:50.610Z", "user": 9, "updated_on": "2017-03-06T12:36:50.610Z"}, "model": "bay.logging", "pk": 370}, {"fields": {"status": "PR", "tool": 28, "project": 4, "created_on": "2017-03-06T12:39:25.261Z", "user": 9, "updated_on": "2017-03-06T12:39:25.261Z"}, "model": "bay.logging", "pk": 371}, {"fields": {"status": "IN", "tool": 26, "project": 4, "created_on": "2017-03-07T05:33:06.851Z", "user": 62, "updated_on": "2017-03-07T05:33:06.851Z"}, "model": "bay.logging", "pk": 372}, {"fields": {"status": "IN", "tool": 7, "project": 4, "created_on": "2017-03-07T08:07:38.708Z", "user": 62, "updated_on": "2017-03-07T08:07:38.708Z"}, "model": "bay.logging", "pk": 373}, {"fields": {"status": "ID", "tool": 7, "project": 4, "created_on": "2017-03-07T08:07:41.596Z", "user": 62, "updated_on": "2017-03-07T08:07:41.596Z"}, "model": "bay.logging", "pk": 374}, {"fields": {"status": "ID", "tool": 67, "project": 4, "created_on": "2017-03-07T08:14:31.042Z", "user": 51, "updated_on": "2017-03-07T08:14:31.042Z"}, "model": "bay.logging", "pk": 375}, {"fields": {"status": "ID", "tool": 61, "project": 4, "created_on": "2017-03-07T08:55:15.893Z", "user": 20, "updated_on": "2017-03-07T08:55:15.893Z"}, "model": "bay.logging", "pk": 376}, {"fields": {"status": "IN", "tool": 16, "project": 4, "created_on": "2017-03-07T09:14:06.696Z", "user": 11, "updated_on": "2017-03-07T09:14:06.696Z"}, "model": "bay.logging", "pk": 377}, {"fields": {"status": "ID", "tool": 59, "project": 4, "created_on": "2017-03-07T09:21:14.395Z", "user": 62, "updated_on": "2017-03-07T09:21:14.395Z"}, "model": "bay.logging", "pk": 378}, {"fields": {"status": "IN", "tool": 59, "project": 4, "created_on": "2017-03-07T09:21:20.511Z", "user": 62, "updated_on": "2017-03-07T09:21:20.511Z"}, "model": "bay.logging", "pk": 379}, {"fields": {"status": "IN", "tool": 7, "project": 4, "created_on": "2017-03-07T09:43:32.884Z", "user": 14, "updated_on": "2017-03-07T09:43:32.884Z"}, "model": "bay.logging", "pk": 380}, {"fields": {"status": "ID", "tool": 58, "project": 4, "created_on": "2017-03-07T09:50:43.727Z", "user": 4, "updated_on": "2017-03-07T09:50:43.727Z"}, "model": "bay.logging", "pk": 381}, {"fields": {"status": "IN", "tool": 44, "project": 4, "created_on": "2017-03-07T09:52:02.578Z", "user": 62, "updated_on": "2017-03-07T09:52:02.578Z"}, "model": "bay.logging", "pk": 382}, {"fields": {"status": "ID", "tool": 18, "project": 4, "created_on": "2017-03-07T11:38:58.153Z", "user": 62, "updated_on": "2017-03-07T11:38:58.153Z"}, "model": "bay.logging", "pk": 383}, {"fields": {"status": "ID", "tool": 38, "project": 4, "created_on": "2017-03-07T13:03:40.575Z", "user": 62, "updated_on": "2017-03-07T13:03:40.575Z"}, "model": "bay.logging", "pk": 384}, {"fields": {"status": "PR", "tool": 60, "project": 4, "created_on": "2017-03-08T11:01:26.929Z", "user": 56, "updated_on": "2017-03-08T11:01:26.929Z"}, "model": "bay.logging", "pk": 385}, {"fields": {"status": "PR", "tool": 59, "project": 4, "created_on": "2017-03-08T11:01:44.367Z", "user": 56, "updated_on": "2017-03-08T11:01:44.367Z"}, "model": "bay.logging", "pk": 386}, {"fields": {"status": "PR", "tool": 29, "project": 4, "created_on": "2017-03-08T11:02:29.564Z", "user": 56, "updated_on": "2017-03-08T11:02:29.564Z"}, "model": "bay.logging", "pk": 387}, {"fields": {"status": "IN", "tool_owner": 14, "name": "Optical Metrology Test Setup-Bianca", "image": "./Bay-27_Optical_metrology_test_setup-Bianca_tiJoqnU.png", "bay_number": "27", "bay": 241, "created_on": "2017-02-07T11:43:48.321Z", "updated_on": "2017-03-07T09:43:32.761Z", "maintenance_status": null, "current_project": 39, "tool_users": [11, 14, 40, 43]}, "model": "bay.tool", "pk": 7}, {"fields": {"status": "ID", "tool_owner": 12, "name": "Bay-24 Ansel Tool", "image": "./Bay-24_Ansel_Tool.png", "bay_number": "24", "bay": 241, "created_on": "2017-02-08T05:56:41.123Z", "updated_on": "2017-03-06T10:52:22.615Z", "maintenance_status": null, "current_project": null, "tool_users": [55, 12, 43, 14, 11, 25, 40]}, "model": "bay.tool", "pk": 14}, {"fields": {"status": "ID", "tool_owner": 13, "name": "Bay-26 Wilma -2", "image": "./Bay-26_Wilma_-2.png", "bay_number": "26", "bay": 241, "created_on": "2017-02-08T05:57:00.780Z", "updated_on": "2017-02-24T03:22:47.664Z", "maintenance_status": null, "current_project": 38, "tool_users": [53, 13, 40, 48, 49]}, "model": "bay.tool", "pk": 15}, {"fields": {"status": "IN", "tool_owner": 11, "name": "BAY- 25 Vinny Tool", "image": "./Bay-25_Vinny_Tool_6Vf5AyO.png", "bay_number": "25", "bay": 241, "created_on": "2017-02-08T05:58:21.195Z", "updated_on": "2017-03-07T09:14:06.549Z", "maintenance_status": null, "current_project": 32, "tool_users": [55, 11, 12, 14, 25, 43, 40]}, "model": "bay.tool", "pk": 16}, {"fields": {"status": "ID", "tool_owner": 7, "name": "Bay-10 5.4 wide common FI", "image": "./Bay-10_5.4_wide_common_FI_dFjDjBf.png", "bay_number": "10", "bay": 243, "created_on": "2017-02-08T06:05:39.263Z", "updated_on": "2017-03-07T11:38:58.034Z", "maintenance_status": null, "current_project": null, "tool_users": [7, 8, 28, 39, 58]}, "model": "bay.tool", "pk": 18}, {"fields": {"status": "IN", "tool_owner": 7, "name": "Factory Interface 5.3", "image": "./Bay-11_Factory_Interface_5.3.png", "bay_number": "11", "bay": 243, "created_on": "2017-02-08T10:24:50.744Z", "updated_on": "2017-03-07T05:33:06.734Z", "maintenance_status": null, "current_project": null, "tool_users": [7, 35, 39, 58]}, "model": "bay.tool", "pk": 26}, {"fields": {"status": "PR", "tool_owner": 9, "name": "PDC 2 Wide FI", "image": "./Bay-14__PDC_2_Wide_FI.png", "bay_number": "14", "bay": 243, "created_on": "2017-02-08T10:25:58.849Z", "updated_on": "2017-02-23T09:54:53.301Z", "maintenance_status": null, "current_project": 36, "tool_users": [9, 39, 58, 8, 28, 32]}, "model": "bay.tool", "pk": 27}, {"fields": {"status": "PR", "tool_owner": 10, "name": "HPE Robot Teststand", "image": "./Bay-28_HPE_Robot_Teststand.png", "bay_number": "28", "bay": 242, "created_on": "2017-02-08T11:02:23.213Z", "updated_on": "2017-03-06T12:39:25.121Z", "maintenance_status": null, "current_project": 19, "tool_users": [32, 8, 28, 10, 45, 9]}, "model": "bay.tool", "pk": 28}, {"fields": {"status": "PR", "tool_owner": 24, "name": "SiC Ring Movement", "image": "./Bay-34_SiC_Ring_Movement.png", "bay_number": "34", "bay": 242, "created_on": "2017-02-08T11:07:36.648Z", "updated_on": "2017-03-08T11:02:29.446Z", "maintenance_status": null, "current_project": null, "tool_users": [24, 15, 27, 33, 50, 56]}, "model": "bay.tool", "pk": 29}, {"fields": {"status": "ID", "tool_owner": 31, "name": "Lift and Rotate", "image": "./Bay-31_Lift_and_Rotate.png", "bay_number": "31", "bay": 242, "created_on": "2017-02-08T11:09:00.504Z", "updated_on": "2017-03-07T03:36:25.018Z", "maintenance_status": null, "current_project": null, "tool_users": [16, 31, 41]}, "model": "bay.tool", "pk": 30}, {"fields": {"status": "ID", "tool_owner": null, "name": "MDP Chamber", "image": "./Bay-1_MDP_Chamber.png", "bay_number": "1", "bay": 242, "created_on": "2017-02-08T11:17:56.226Z", "updated_on": "2017-03-06T05:44:21.739Z", "maintenance_status": null, "current_project": null, "tool_users": [1, 34, 61]}, "model": "bay.tool", "pk": 31}, {"fields": {"status": "ID", "tool_owner": 8, "name": "Madison Robots", "image": "./Bay-13_Madison_Robots-_FI_5.3.png", "bay_number": "13", "bay": 243, "created_on": "2017-02-08T11:46:09.604Z", "updated_on": "2017-03-07T13:03:40.452Z", "maintenance_status": null, "current_project": null, "tool_users": []}, "model": "bay.tool", "pk": 38}, {"fields": {"status": "PR", "tool_owner": 10, "name": "VFX-XP bearing Reliability fixture", "image": "./Bay-38_VFX-XP_bearing_Reliability_fixture.png", "bay_number": "38", "bay": 255, "created_on": "2017-02-08T15:35:38.676Z", "updated_on": "2017-02-23T08:22:01.254Z", "maintenance_status": null, "current_project": 28, "tool_users": [9, 3, 28, 8, 10, 45, 26, 30, 32]}, "model": "bay.tool", "pk": 43}, {"fields": {"status": "IN", "tool_owner": 21, "name": "Dual Megasonic test fixture", "image": "./Bay-39_Dual_Megasonic_test_fixture.png", "bay_number": "39", "bay": 255, "created_on": "2017-02-08T15:38:15.169Z", "updated_on": "2017-03-08T11:30:37.202Z", "maintenance_status": null, "current_project": 55, "tool_users": [21, 47]}, "model": "bay.tool", "pk": 44}, {"fields": {"status": "IN", "tool_owner": 22, "name": "200mm Centura CVD Cluster", "image": "./Bay-40_200mm_Centura_CVD_Cluster.png", "bay_number": "40", "bay": 255, "created_on": "2017-02-08T15:43:47.504Z", "updated_on": "2017-02-27T09:52:40.578Z", "maintenance_status": null, "current_project": 53, "tool_users": [46, 54, 44, 37, 22, 42]}, "model": "bay.tool", "pk": 45}, {"fields": {"status": "IN", "tool_owner": 16, "name": "PPC 302 Cu DAMASCENE", "image": "./Bay-41_PPC_302_Cu_DAMASCENE.png", "bay_number": "41", "bay": 255, "created_on": "2017-02-08T15:44:56.292Z", "updated_on": "2017-02-23T09:00:11.170Z", "maintenance_status": null, "current_project": 50, "tool_users": [16, 31, 41]}, "model": "bay.tool", "pk": 46}, {"fields": {"status": "PR", "tool_owner": 8, "name": "NTS 10 Robot test setup", "image": "./Bay-12_NTS_10_Robot_test_setup_x7Werfl.png", "bay_number": "12", "bay": 244, "created_on": "2017-02-08T16:07:07.460Z", "updated_on": "2017-02-23T08:18:03.767Z", "maintenance_status": null, "current_project": 10, "tool_users": [9, 28, 8, 10, 58, 32]}, "model": "bay.tool", "pk": 48}, {"fields": {"status": "ID", "tool_owner": 55, "name": "Samash FI Test Fixture", "image": "./Bay-8_Samash_FI_Test_Fixture.png", "bay_number": "8", "bay": 244, "created_on": "2017-02-08T16:07:37.551Z", "updated_on": "2017-02-15T14:33:32.053Z", "maintenance_status": null, "current_project": null, "tool_users": [5, 25, 40]}, "model": "bay.tool", "pk": 49}, {"fields": {"status": "IN", "tool_owner": 9, "name": "Factory Interface 5.3 (2)", "image": "./Bay-7_Factory_Interface_5.3_2_OINhoqO.png", "bay_number": "7", "bay": 244, "created_on": "2017-02-08T16:08:40.257Z", "updated_on": "2017-03-06T12:36:50.479Z", "maintenance_status": null, "current_project": 8, "tool_users": [9, 28, 8, 10, 58, 32]}, "model": "bay.tool", "pk": 50}, {"fields": {"status": "ID", "tool_owner": 10, "name": "VHP-VxP Robot Teststand", "image": "./Bay-22_VHP-VxP_Robot_Teststand_JRmfCbY.png", "bay_number": "22", "bay": 244, "created_on": "2017-02-08T16:32:15.825Z", "updated_on": "2017-03-06T12:36:18.380Z", "maintenance_status": null, "current_project": null, "tool_users": [9, 28, 8, 10, 17, 32]}, "model": "bay.tool", "pk": 52}, {"fields": {"status": "PR", "tool_owner": 4, "name": "MF IO Controllers", "image": "./Bay-16_MF_IO_Controllers_KleAlVD.png", "bay_number": "16", "bay": 245, "created_on": "2017-02-08T16:35:31.093Z", "updated_on": "2017-02-27T13:51:27.694Z", "maintenance_status": null, "current_project": 11, "tool_users": [4, 36, 59]}, "model": "bay.tool", "pk": 53}, {"fields": {"status": "PR", "tool_owner": 4, "name": "Flex controller and IBM server rack", "image": "./Bay-18_Flex_controller__IBM_Server_Rack_gasr0LA.png", "bay_number": "18", "bay": 245, "created_on": "2017-02-08T16:36:42.216Z", "updated_on": "2017-02-15T13:42:17.151Z", "maintenance_status": null, "current_project": null, "tool_users": [4, 36, 59]}, "model": "bay.tool", "pk": 54}, {"fields": {"status": "PR", "tool_owner": 4, "name": "Hot air oven", "image": "./Bay-20_Hot_air_oven_vGZqDfh.png", "bay_number": "20", "bay": 245, "created_on": "2017-02-08T16:37:10.181Z", "updated_on": "2017-02-15T13:41:45.659Z", "maintenance_status": null, "current_project": null, "tool_users": [4, 36, 59]}, "model": "bay.tool", "pk": 55}, {"fields": {"status": "ID", "tool_owner": 4, "name": "ECAT OEM test setup and Proto Board testing", "image": "./Bay-21_ECAT_OEM_test_setup__Proto_board_testing__SLiShoa.png", "bay_number": "21", "bay": 245, "created_on": "2017-02-08T16:44:11.902Z", "updated_on": "2017-03-07T09:50:43.618Z", "maintenance_status": null, "current_project": null, "tool_users": [4, 36, 59]}, "model": "bay.tool", "pk": 58}, {"fields": {"status": "PR", "tool_owner": 15, "name": "AdvantEdge D8 Chamber", "image": "./Bay-29_AdvantEdge_D8_Chamber.png", "bay_number": "29", "bay": 256, "created_on": "2017-02-08T17:10:20.433Z", "updated_on": "2017-03-08T11:01:44.236Z", "maintenance_status": null, "current_project": 61, "tool_users": [15, 27, 33, 50, 56, 19, 60]}, "model": "bay.tool", "pk": 59}, {"fields": {"status": "PR", "tool_owner": 19, "name": "E5 Chamber", "image": "./Bay-35_E5_Chamber.png", "bay_number": "35", "bay": 256, "created_on": "2017-02-08T17:22:23.806Z", "updated_on": "2017-03-08T11:01:26.774Z", "maintenance_status": null, "current_project": 63, "tool_users": [15, 27, 33, 50, 56, 19, 60]}, "model": "bay.tool", "pk": 60}, {"fields": {"status": "ID", "tool_owner": 20, "name": "HDP Chamber", "image": "./Bay-36_HDP_Chamber.png", "bay_number": "36", "bay": 256, "created_on": "2017-02-08T17:23:05.778Z", "updated_on": "2017-03-07T09:09:31.159Z", "maintenance_status": null, "current_project": 24, "tool_users": [52, 20, 38]}, "model": "bay.tool", "pk": 61}, {"fields": {"status": "IN", "tool_owner": 9, "name": "Legacy Vacuum Robot stand", "image": "./Bay-37_Legacy_Vacuum_Robot_stand.png", "bay_number": "37", "bay": 256, "created_on": "2017-02-08T17:23:59.005Z", "updated_on": "2017-02-15T13:33:29.277Z", "maintenance_status": null, "current_project": null, "tool_users": [9, 3, 28, 10, 45, 32, 8]}, "model": "bay.tool", "pk": 62}, {"fields": {"status": "ID", "tool_owner": 25, "name": "Lamp Parameter Measurement Stand", "image": "./Bay-3_Lamp_Parameter_Measurement_Stand.png", "bay_number": "3", "bay": 241, "created_on": "2017-02-10T11:16:30.363Z", "updated_on": "2017-02-15T09:40:02.034Z", "maintenance_status": null, "current_project": null, "tool_users": [5, 25, 40]}, "model": "bay.tool", "pk": 65}, {"fields": {"status": "PR", "tool_owner": 3, "name": "Motion Control Test Set up", "image": "./Bay-4_Motion_Control_Test_Set_up_ZitM4Aj.png", "bay_number": "4", "bay": 245, "created_on": "2017-02-10T11:17:58.061Z", "updated_on": "2017-02-28T10:16:03.338Z", "maintenance_status": null, "current_project": 69, "tool_users": [3, 57, 59]}, "model": "bay.tool", "pk": 66}, {"fields": {"status": "ID", "tool_owner": 23, "name": "Enso Lab testing", "image": "./Bay-42_Enso_Lab_testing.png", "bay_number": "42", "bay": 255, "created_on": "2017-02-10T11:19:10.589Z", "updated_on": "2017-03-07T08:14:30.918Z", "maintenance_status": null, "current_project": null, "tool_users": [51, 23, 38]}, "model": "bay.tool", "pk": 67}, {"fields": {"users": [], "updated_on": "2017-01-30T12:49:33.487Z", "created_on": "2017-01-30T12:49:33.487Z", "name": "Copley XE2 2.62.16 Firmware Testing", "description": null}, "model": "bay.project", "pk": 4}, {"fields": {"users": [], "updated_on": "2017-01-30T12:50:10.747Z", "created_on": "2017-01-30T12:50:10.747Z", "name": "Ethercat Switcher Testing", "description": null}, "model": "bay.project", "pk": 5}, {"fields": {"users": [], "updated_on": "2017-01-30T13:26:07.245Z", "created_on": "2017-01-30T12:51:00.988Z", "name": "6.X Robot Testing", "description": null}, "model": "bay.project", "pk": 7}, {"fields": {"users": [], "updated_on": "2017-01-30T12:52:06.893Z", "created_on": "2017-01-30T12:52:06.893Z", "name": "Auto Teach Testing - Hybrid G6 Project Qualification and Testing", "description": null}, "model": "bay.project", "pk": 8}, {"fields": {"users": [], "updated_on": "2017-01-30T12:55:11.478Z", "created_on": "2017-01-30T12:55:11.478Z", "name": "M122 New Firmware Qualification", "description": null}, "model": "bay.project", "pk": 9}, {"fields": {"users": [], "updated_on": "2017-01-30T13:10:26.511Z", "created_on": "2017-01-30T13:10:26.511Z", "name": "PARC Blade Testing", "description": null}, "model": "bay.project", "pk": 10}, {"fields": {"users": [], "updated_on": "2017-01-30T13:13:31.141Z", "created_on": "2017-01-30T13:13:31.141Z", "name": "Duplicating Field Issue For MFIO Controller Board", "description": null}, "model": "bay.project", "pk": 11}, {"fields": {"users": [], "updated_on": "2017-01-30T13:14:19.172Z", "created_on": "2017-01-30T13:14:19.172Z", "name": "Qualification of new MF interface, LL interface and Relay boards", "description": null}, "model": "bay.project", "pk": 12}, {"fields": {"users": [], "updated_on": "2017-01-30T13:15:04.936Z", "created_on": "2017-01-30T13:15:04.936Z", "name": "Qualification of new UPS and Performance check of new flex motion only image", "description": null}, "model": "bay.project", "pk": 13}, {"fields": {"users": [], "updated_on": "2017-01-30T13:15:35.054Z", "created_on": "2017-01-30T13:15:35.054Z", "name": "Qualification of new Flex scanner card", "description": null}, "model": "bay.project", "pk": 14}, {"fields": {"users": [], "updated_on": "2017-01-30T13:16:08.064Z", "created_on": "2017-01-30T13:16:08.064Z", "name": "Ecat OEM Qualification and O2 sensor testing", "description": null}, "model": "bay.project", "pk": 15}, {"fields": {"users": [], "updated_on": "2017-01-30T13:16:32.541Z", "created_on": "2017-01-30T13:16:32.541Z", "name": "FA on Mitsubishi motor stacks", "description": null}, "model": "bay.project", "pk": 16}, {"fields": {"users": [], "updated_on": "2017-01-30T13:16:48.542Z", "created_on": "2017-01-30T13:16:48.542Z", "name": "Ferro-Fluidic Robot Testing", "description": null}, "model": "bay.project", "pk": 17}, {"fields": {"users": [], "updated_on": "2017-01-30T13:17:18.854Z", "created_on": "2017-01-30T13:17:18.854Z", "name": "VHP Robot Testing - RTB", "description": null}, "model": "bay.project", "pk": 18}, {"fields": {"users": [], "updated_on": "2017-01-30T13:17:40.750Z", "created_on": "2017-01-30T13:17:40.750Z", "name": "HPE Robot Testing - RTB", "description": null}, "model": "bay.project", "pk": 19}, {"fields": {"users": [], "updated_on": "2017-01-30T13:18:12.822Z", "created_on": "2017-01-30T13:18:12.822Z", "name": "Cleanroom Parts Inspection", "description": null}, "model": "bay.project", "pk": 20}, {"fields": {"users": [], "updated_on": "2017-01-30T13:18:40.744Z", "created_on": "2017-01-30T13:18:40.744Z", "name": "Plasma Characterization for ICP-E3 project", "description": null}, "model": "bay.project", "pk": 21}, {"fields": {"users": [], "updated_on": "2017-01-30T13:21:11.746Z", "created_on": "2017-01-30T13:21:11.746Z", "name": "Heat Loss Analysis from HX for ICP-E3 Project", "description": null}, "model": "bay.project", "pk": 22}, {"fields": {"users": [], "updated_on": "2017-01-30T13:21:49.374Z", "created_on": "2017-01-30T13:21:49.374Z", "name": "Test data recording for new heat sink solution for SSR burning issue", "description": null}, "model": "bay.project", "pk": 23}, {"fields": {"users": [], "updated_on": "2017-02-08T17:33:36.911Z", "created_on": "2017-01-30T13:22:25.435Z", "name": "RF Leak test for Top and side RF generator ad coil", "description": "RF Leak test for Top and side RF generator and coils."}, "model": "bay.project", "pk": 24}, {"fields": {"users": [], "updated_on": "2017-01-30T13:22:45.466Z", "created_on": "2017-01-30T13:22:45.466Z", "name": "VHP DBR CGMA Testing", "description": null}, "model": "bay.project", "pk": 25}, {"fields": {"users": [], "updated_on": "2017-01-30T13:22:58.823Z", "created_on": "2017-01-30T13:22:58.823Z", "name": "XP Robot CGMA Testing", "description": null}, "model": "bay.project", "pk": 26}, {"fields": {"users": [], "updated_on": "2017-01-30T13:23:21.055Z", "created_on": "2017-01-30T13:23:21.055Z", "name": "Legacy VR Testing - RTB", "description": null}, "model": "bay.project", "pk": 27}, {"fields": {"users": [], "updated_on": "2017-01-30T13:23:50.953Z", "created_on": "2017-01-30T13:23:50.953Z", "name": "VFX Bearing Reliability", "description": null}, "model": "bay.project", "pk": 28}, {"fields": {"users": [], "updated_on": "2017-01-30T13:24:15.021Z", "created_on": "2017-01-30T13:24:15.021Z", "name": "XP Bearing Reliability", "description": null}, "model": "bay.project", "pk": 29}, {"fields": {"users": [], "updated_on": "2017-01-30T13:24:27.320Z", "created_on": "2017-01-30T13:24:27.320Z", "name": "Bearing Characterization", "description": null}, "model": "bay.project", "pk": 30}, {"fields": {"users": [51, 52], "updated_on": "2017-01-30T13:24:51.964Z", "created_on": "2017-01-30T13:24:51.964Z", "name": "Motion Calibration for Z axis and Linear axis Motion", "description": null}, "model": "bay.project", "pk": 31}, {"fields": {"users": [], "updated_on": "2017-02-08T09:18:23.038Z", "created_on": "2017-02-08T09:18:12.670Z", "name": "DPN startup, with plasma strike", "description": "DPN startup, with plasma strike"}, "model": "bay.project", "pk": 32}, {"fields": {"users": [], "updated_on": "2017-02-08T09:18:36.888Z", "created_on": "2017-02-08T09:18:36.888Z", "name": "VAT valve qualification", "description": "VAT valve qualification"}, "model": "bay.project", "pk": 33}, {"fields": {"users": [], "updated_on": "2017-02-08T09:18:47.292Z", "created_on": "2017-02-08T09:18:47.292Z", "name": "BLDC Wafer Rotation", "description": "BLDC Wafer Rotation"}, "model": "bay.project", "pk": 34}, {"fields": {"users": [], "updated_on": "2017-02-08T09:18:57.309Z", "created_on": "2017-02-08T09:18:57.309Z", "name": "INDUCTION HEATING", "description": "INDUCTION HEATING"}, "model": "bay.project", "pk": 35}, {"fields": {"users": [], "updated_on": "2017-02-08T10:28:46.005Z", "created_on": "2017-02-08T10:28:46.005Z", "name": "Firmware Qualification for 2 Wide", "description": "Firmware Qualification for 2 Wide"}, "model": "bay.project", "pk": 36}, {"fields": {"users": [], "updated_on": "2017-02-08T13:53:10.802Z", "created_on": "2017-02-08T13:53:10.802Z", "name": "Lamp reliability testing", "description": "Lamp reliability testing"}, "model": "bay.project", "pk": 37}, {"fields": {"users": [], "updated_on": "2017-02-08T13:53:20.839Z", "created_on": "2017-02-08T13:53:20.839Z", "name": "HX Charaterization", "description": "HX Charaterization"}, "model": "bay.project", "pk": 38}, {"fields": {"users": [], "updated_on": "2017-02-08T13:53:38.732Z", "created_on": "2017-02-08T13:53:38.732Z", "name": "Laser temp measurement testing", "description": "Laser temp measurement testing"}, "model": "bay.project", "pk": 39}, {"fields": {"users": [], "updated_on": "2017-02-08T13:53:50.986Z", "created_on": "2017-02-08T13:53:50.986Z", "name": "Packaging and testing of Brewster angle setup", "description": "Packaging and testing of Brewster angle setup"}, "model": "bay.project", "pk": 40}, {"fields": {"users": [], "updated_on": "2017-02-08T14:29:01.984Z", "created_on": "2017-02-08T14:29:01.984Z", "name": "Long term LTS operation check", "description": "Long term LTS operation check"}, "model": "bay.project", "pk": 41}, {"fields": {"users": [], "updated_on": "2017-02-08T14:29:17.682Z", "created_on": "2017-02-08T14:29:17.682Z", "name": "Software update for      a. Alarm Operation     b. Yaskawa MP2300S software", "description": "Software update for \n    a. Alarm Operation\n    b. Yaskawa MP2300S software"}, "model": "bay.project", "pk": 42}, {"fields": {"users": [], "updated_on": "2017-02-08T14:29:36.734Z", "created_on": "2017-02-08T14:29:36.734Z", "name": "Optimization of Lift, Rotate ans Spin cycle time", "description": "Optimization of Lift, Rotate ans Spin cycle time"}, "model": "bay.project", "pk": 43}, {"fields": {"users": [], "updated_on": "2017-02-08T14:29:47.457Z", "created_on": "2017-02-08T14:29:47.457Z", "name": "Establish and reduce Resitivity in PDH.", "description": "Establish and reduce Resitivity in PDH."}, "model": "bay.project", "pk": 44}, {"fields": {"users": [], "updated_on": "2017-02-08T14:30:03.972Z", "created_on": "2017-02-08T14:30:03.972Z", "name": "Additional Universal LTS module installation and operational check", "description": "Additional Universal LTS module installation and operational check"}, "model": "bay.project", "pk": 45}, {"fields": {"users": [], "updated_on": "2017-02-08T15:03:38.167Z", "created_on": "2017-02-08T15:03:38.167Z", "name": "Vibration testing of robot arm blades", "description": "Vibration testing of robot arm blades"}, "model": "bay.project", "pk": 46}, {"fields": {"users": [], "updated_on": "2017-02-08T15:23:36.375Z", "created_on": "2017-02-08T15:23:36.375Z", "name": "Temperature controller Eval board testing", "description": "Temperature controller Eval board testing"}, "model": "bay.project", "pk": 47}, {"fields": {"users": [], "updated_on": "2017-02-08T15:27:09.203Z", "created_on": "2017-02-08T15:27:09.203Z", "name": "CIP and Field support activities", "description": "CIP and Field support activities"}, "model": "bay.project", "pk": 48}, {"fields": {"users": [], "updated_on": "2017-02-08T15:46:57.494Z", "created_on": "2017-02-08T15:46:57.494Z", "name": "Tier 0 and Tier 1 tool installation to make POWER ON ready and MOC approval.", "description": "Tier 0 and Tier 1 tool installation to make POWER ON ready and MOC approval."}, "model": "bay.project", "pk": 49}, {"fields": {"users": [], "updated_on": "2017-02-08T15:47:10.948Z", "created_on": "2017-02-08T15:47:10.948Z", "name": "Completion of Tier 2 and Tier 3 installation, bring tool to full operational mode.", "description": "Completion of Tier 2 and Tier 3 installation, bring tool to full operational mode."}, "model": "bay.project", "pk": 50}, {"fields": {"users": [], "updated_on": "2017-02-08T15:47:26.352Z", "created_on": "2017-02-08T15:47:26.352Z", "name": "LT502 Control functionality check (Yaskawa Sigma II Controller Obs).", "description": "LT502 Control functionality check (Yaskawa Sigma II Controller Obs)."}, "model": "bay.project", "pk": 51}, {"fields": {"users": [], "updated_on": "2017-02-08T15:47:44.726Z", "created_on": "2017-02-08T15:47:44.725Z", "name": "Validation of Fluid and Electrical components.", "description": "Validation of Fluid and Electrical components."}, "model": "bay.project", "pk": 52}, {"fields": {"users": [], "updated_on": "2017-02-08T15:51:44.674Z", "created_on": "2017-02-08T15:51:44.674Z", "name": "Make Loadlock, transfer and orienter chamber functional", "description": "Make Loadlock, transfer and orienter chamber functional"}, "model": "bay.project", "pk": 53}, {"fields": {"users": [], "updated_on": "2017-02-08T15:51:54.045Z", "created_on": "2017-02-08T15:51:54.045Z", "name": "Make WxZ and DxZ chamber on Centura platform functional", "description": "Make WxZ and DxZ chamber on Centura platform functional"}, "model": "bay.project", "pk": 54}, {"fields": {"users": [], "updated_on": "2017-02-08T15:54:38.038Z", "created_on": "2017-02-08T15:54:38.038Z", "name": "KCC fixture development", "description": "KCC fixture development"}, "model": "bay.project", "pk": 55}, {"fields": {"users": [], "updated_on": "2017-02-08T15:54:47.481Z", "created_on": "2017-02-08T15:54:47.480Z", "name": "Megasonic fixture development", "description": "Megasonic fixture development"}, "model": "bay.project", "pk": 56}, {"fields": {"users": [], "updated_on": "2017-02-08T15:54:58.753Z", "created_on": "2017-02-08T15:54:58.753Z", "name": "UCL project testing.", "description": "UCL project testing."}, "model": "bay.project", "pk": 57}, {"fields": {"users": [], "updated_on": "2017-02-08T17:18:00.868Z", "created_on": "2017-02-08T17:18:00.867Z", "name": "Reduce the safety exhaust\u00a0 requirements for Gas Panel to improve the Eco-Efficiency - WIP", "description": "Reduce the safety exhaust\u00a0 requirements for Gas Panel to improve the Eco-Efficiency - WIP"}, "model": "bay.project", "pk": 58}, {"fields": {"users": [], "updated_on": "2017-02-23T10:19:58.380Z", "created_on": "2017-02-08T17:18:21.826Z", "name": "Test the SiC ring movement in Chamber once the study in test fixture which is already in progress is completed \u2013 Test fixture is WIP, In chamber YTS (yet to start)", "description": "Test the SiC ring movement in Chamber once the study in test fixture which is already in progress is completed  Test fixture is WIP, In chamber YTS yet to start"}, "model": "bay.project", "pk": 59}, {"fields": {"users": [], "updated_on": "2017-02-08T17:18:49.257Z", "created_on": "2017-02-08T17:18:49.257Z", "name": "Strike Plasma in both the chambers \u2013 YTS, Part procurement in progress.", "description": "Strike Plasma in both the chambers \u2013 YTS, Part procurement in progress."}, "model": "bay.project", "pk": 60}, {"fields": {"users": [], "updated_on": "2017-02-08T17:19:02.050Z", "created_on": "2017-02-08T17:19:02.050Z", "name": "Lid temperature study  -YTS", "description": "Lid temperature study  -YTS"}, "model": "bay.project", "pk": 61}, {"fields": {"users": [], "updated_on": "2017-02-08T17:27:07.355Z", "created_on": "2017-02-08T17:27:07.355Z", "name": "Mgnet Driver Online Routine-investigation", "description": "Mgnet Driver Online Routine-investigation"}, "model": "bay.project", "pk": 62}, {"fields": {"users": [], "updated_on": "2017-02-08T17:27:20.581Z", "created_on": "2017-02-08T17:27:20.581Z", "name": "Chamber would be used for thermal cycling  Chamber core parts like Rexolite, ESC etc projects", "description": "Chamber would be used for thermal cycling  Chamber core parts like Rexolite, ESC etc projects"}, "model": "bay.project", "pk": 63}, {"fields": {"users": [], "updated_on": "2017-02-08T17:31:42.736Z", "created_on": "2017-02-08T17:31:42.736Z", "name": "RF Rotary Joint testing and RF behaviour recording.", "description": "RF Rotary Joint testing and RF behaviour recording."}, "model": "bay.project", "pk": 64}, {"fields": {"users": [], "updated_on": "2017-02-08T17:33:54.855Z", "created_on": "2017-02-08T17:33:54.855Z", "name": "SST DNET communication card testing.", "description": "SST DNET communication card testing."}, "model": "bay.project", "pk": 65}, {"fields": {"users": [], "updated_on": "2017-02-09T09:20:22.528Z", "created_on": "2017-02-09T09:20:22.528Z", "name": "New developments for Hybrid", "description": "New developments for Hybrid"}, "model": "bay.project", "pk": 66}, {"fields": {"users": [], "updated_on": "2017-02-10T11:21:08.072Z", "created_on": "2017-02-10T11:21:08.072Z", "name": "Copley BEL 2.62.20 firmware COE qualification", "description": "Copley BEL 2.62.20 firmware COE qualification"}, "model": "bay.project", "pk": 68}, {"fields": {"users": [], "updated_on": "2017-02-10T11:21:23.931Z", "created_on": "2017-02-10T11:21:23.931Z", "name": "Copley BE2 2.62.20 firmware COE qualification", "description": "Copley BE2 2.62.20 firmware COE qualification"}, "model": "bay.project", "pk": 69}, {"fields": {"users": [], "updated_on": "2017-02-10T11:24:13.273Z", "created_on": "2017-02-10T11:24:13.273Z", "name": "lamp inspection procedure", "description": "Time study of the lamp inspection procedure to improve thru put for testing."}, "model": "bay.project", "pk": 70}, {"fields": {"users": [], "updated_on": "2017-02-10T11:24:58.134Z", "created_on": "2017-02-10T11:24:58.134Z", "name": "Improve thruput and accuracy to  lamp supplier", "description": "Improve thruput and accuracy before shipping out to lamp supplier for deployement in production line."}, "model": "bay.project", "pk": 71}, {"fields": {"codename": "add_logentry", "name": "Can add log entry", "content_type": 1}, "model": "auth.permission", "pk": 1}, {"fields": {"codename": "change_logentry", "name": "Can change log entry", "content_type": 1}, "model": "auth.permission", "pk": 2}, {"fields": {"codename": "delete_logentry", "name": "Can delete log entry", "content_type": 1}, "model": "auth.permission", "pk": 3}, {"fields": {"codename": "add_permission", "name": "Can add permission", "content_type": 2}, "model": "auth.permission", "pk": 4}, {"fields": {"codename": "change_permission", "name": "Can change permission", "content_type": 2}, "model": "auth.permission", "pk": 5}, {"fields": {"codename": "delete_permission", "name": "Can delete permission", "content_type": 2}, "model": "auth.permission", "pk": 6}, {"fields": {"codename": "add_group", "name": "Can add group", "content_type": 3}, "model": "auth.permission", "pk": 7}, {"fields": {"codename": "change_group", "name": "Can change group", "content_type": 3}, "model": "auth.permission", "pk": 8}, {"fields": {"codename": "delete_group", "name": "Can delete group", "content_type": 3}, "model": "auth.permission", "pk": 9}, {"fields": {"codename": "add_contenttype", "name": "Can add content type", "content_type": 4}, "model": "auth.permission", "pk": 10}, {"fields": {"codename": "change_contenttype", "name": "Can change content type", "content_type": 4}, "model": "auth.permission", "pk": 11}, {"fields": {"codename": "delete_contenttype", "name": "Can delete content type", "content_type": 4}, "model": "auth.permission", "pk": 12}, {"fields": {"codename": "add_session", "name": "Can add session", "content_type": 5}, "model": "auth.permission", "pk": 13}, {"fields": {"codename": "change_session", "name": "Can change session", "content_type": 5}, "model": "auth.permission", "pk": 14}, {"fields": {"codename": "delete_session", "name": "Can delete session", "content_type": 5}, "model": "auth.permission", "pk": 15}, {"fields": {"codename": "add_corsmodel", "name": "Can add cors model", "content_type": 6}, "model": "auth.permission", "pk": 16}, {"fields": {"codename": "change_corsmodel", "name": "Can change cors model", "content_type": 6}, "model": "auth.permission", "pk": 17}, {"fields": {"codename": "delete_corsmodel", "name": "Can delete cors model", "content_type": 6}, "model": "auth.permission", "pk": 18}, {"fields": {"codename": "add_project", "name": "Can add project", "content_type": 7}, "model": "auth.permission", "pk": 19}, {"fields": {"codename": "change_project", "name": "Can change project", "content_type": 7}, "model": "auth.permission", "pk": 20}, {"fields": {"codename": "delete_project", "name": "Can delete project", "content_type": 7}, "model": "auth.permission", "pk": 21}, {"fields": {"codename": "add_bay", "name": "Can add bay", "content_type": 8}, "model": "auth.permission", "pk": 22}, {"fields": {"codename": "change_bay", "name": "Can change bay", "content_type": 8}, "model": "auth.permission", "pk": 23}, {"fields": {"codename": "delete_bay", "name": "Can delete bay", "content_type": 8}, "model": "auth.permission", "pk": 24}, {"fields": {"codename": "add_tool", "name": "Can add tool", "content_type": 9}, "model": "auth.permission", "pk": 25}, {"fields": {"codename": "change_tool", "name": "Can change tool", "content_type": 9}, "model": "auth.permission", "pk": 26}, {"fields": {"codename": "delete_tool", "name": "Can delete tool", "content_type": 9}, "model": "auth.permission", "pk": 27}, {"fields": {"codename": "add_toolproject", "name": "Can add tool project", "content_type": 10}, "model": "auth.permission", "pk": 28}, {"fields": {"codename": "change_toolproject", "name": "Can change tool project", "content_type": 10}, "model": "auth.permission", "pk": 29}, {"fields": {"codename": "delete_toolproject", "name": "Can delete tool project", "content_type": 10}, "model": "auth.permission", "pk": 30}, {"fields": {"codename": "add_toolimage", "name": "Can add tool image", "content_type": 11}, "model": "auth.permission", "pk": 31}, {"fields": {"codename": "change_toolimage", "name": "Can change tool image", "content_type": 11}, "model": "auth.permission", "pk": 32}, {"fields": {"codename": "delete_toolimage", "name": "Can delete tool image", "content_type": 11}, "model": "auth.permission", "pk": 33}, {"fields": {"codename": "add_group", "name": "Can add group", "content_type": 12}, "model": "auth.permission", "pk": 34}, {"fields": {"codename": "change_group", "name": "Can change group", "content_type": 12}, "model": "auth.permission", "pk": 35}, {"fields": {"codename": "delete_group", "name": "Can delete group", "content_type": 12}, "model": "auth.permission", "pk": 36}, {"fields": {"codename": "add_bayuser", "name": "Can add bay user", "content_type": 13}, "model": "auth.permission", "pk": 37}, {"fields": {"codename": "change_bayuser", "name": "Can change bay user", "content_type": 13}, "model": "auth.permission", "pk": 38}, {"fields": {"codename": "delete_bayuser", "name": "Can delete bay user", "content_type": 13}, "model": "auth.permission", "pk": 39}, {"fields": {"codename": "add_logging", "name": "Can add logging", "content_type": 14}, "model": "auth.permission", "pk": 40}, {"fields": {"codename": "change_logging", "name": "Can change logging", "content_type": 14}, "model": "auth.permission", "pk": 41}, {"fields": {"codename": "delete_logging", "name": "Can delete logging", "content_type": 14}, "model": "auth.permission", "pk": 42}]